region_name,Country,EU Region,geo,GDP per Capita,GDP per Capita (PPS),Unemployment %,Employment in Hi-tech Sectors %,Life Expectancy,Doctors per 100K,Heart Disease Deaths per 100K,Cancer Deaths per 100K,Fatal Road Accidents per Million,Tertiary Educational Attainment %,Population Density,People at Risk of Poverty %,Regular Internet Users %,Land Covered by Buildings and Roads %,Land Covered by Crops %
Région de Bruxelles-Capitale/ Brussels Hoofdstedelijk Gewest,BE,Western Europe,BE10,82300.00,190.00,10.60,7.00,82.10,518.68,49.84,211.03,5.00,53.80,7770.20,38.90,91.10,37.00,2.50
Prov. Antwerpen,BE,Western Europe,BE21,60400.00,140.00,3.60,6.10,83.30,294.48,44.22,204.50,36.00,46.10,686.30,15.20,90.81,17.60,23.50
Prov. Limburg (BE),BE,Western Europe,BE22,41300.00,96.00,3.20,4.10,83.20,281.87,42.19,202.63,36.00,42.20,377.00,11.70,91.27,12.60,26.50
Prov. Oost-Vlaanderen,BE,Western Europe,BE23,48200.00,111.00,2.90,5.90,82.70,315.01,44.26,216.72,44.00,46.80,528.30,11.50,91.56,17.30,26.40
Prov. Vlaams-Brabant,BE,Western Europe,BE24,55700.00,129.00,4.20,7.20,83.80,289.13,43.10,200.59,28.00,50.00,564.30,11.00,94.14,14.60,30.30
Prov. West-Vlaanderen,BE,Western Europe,BE25,51300.00,119.00,2.80,2.80,83.10,279.23,44.12,206.51,52.00,40.00,389.00,10.80,87.83,16.70,33.40
Prov. Brabant Wallon,BE,Western Europe,BE31,68200.00,158.00,5.70,8.80,83.20,374.08,46.38,203.32,48.00,62.00,378.00,21.30,90.49,12.80,40.00
Prov. Hainaut,BE,Western Europe,BE32,31300.00,72.00,9.30,4.50,79.80,338.42,69.67,252.86,72.00,34.30,358.60,27.70,85.54,12.80,37.70
Prov. Liège,BE,Western Europe,BE33,37500.00,87.00,9.10,4.20,80.80,388.82,58.85,241.38,51.00,38.60,293.00,22.80,87.96,11.00,17.90
Prov. Luxembourg (BE),BE,Western Europe,BE34,31700.00,73.00,6.50,3.90,80.70,259.58,55.75,245.96,64.00,40.40,66.80,20.60,86.27,4.00,9.80
Prov. Namur,BE,Western Europe,BE35,34800.00,80.00,6.60,6.70,80.80,366.89,66.18,235.12,59.00,44.10,138.50,20.00,86.50,6.00,25.80
Северозападен (Severozapaden),BG,Central and Eastern Europe,BG31,9800.00,42.00,7.80,2.10,73.90,500.03,183.28,245.18,166.00,21.00,35.40,37.00,70.51,2.70,40.50
Северен централен (Severen tsentralen),BG,Central and Eastern Europe,BG32,10100.00,43.00,6.00,3.10,75.10,368.63,176.85,222.80,107.00,26.40,46.60,38.20,74.49,2.30,45.10
Североизточен (Severoiztochen),BG,Central and Eastern Europe,BG33,11500.00,50.00,4.50,2.10,75.50,438.54,191.40,240.54,84.00,30.30,56.70,28.60,75.53,2.30,49.70
Югоизточен (Yugoiztochen),BG,Central and Eastern Europe,BG34,12500.00,54.00,4.60,1.30,75.00,382.30,251.51,214.30,93.00,22.90,48.50,32.80,73.37,2.30,33.60
Югозападен (Yugozapaden),BG,Central and Eastern Europe,BG41,23500.00,101.00,3.50,10.20,76.80,486.75,112.84,198.55,48.00,41.80,99.80,20.30,83.96,2.60,9.00
Южен централен (Yuzhen tsentralen),BG,Central and Eastern Europe,BG42,9500.00,41.00,3.10,3.60,76.10,442.81,350.84,236.04,67.00,24.90,58.90,35.80,72.98,2.10,19.50
Praha,CZ,Central and Eastern Europe,CZ01,63500.00,197.00,2.10,12.70,81.40,732.15,222.10,242.04,17.00,53.20,2826.90,10.20,92.38,31.00,19.20
Střední Čechy,CZ,Central and Eastern Europe,CZ02,26400.00,82.00,1.70,5.50,79.80,275.48,237.02,262.99,56.00,25.10,135.10,10.20,83.36,5.30,42.00
Jihozápad,CZ,Central and Eastern Europe,CZ03,24600.00,77.00,1.90,3.80,80.00,393.18,165.90,259.88,68.00,24.10,73.70,10.00,85.67,3.20,23.10
Severozápad,CZ,Central and Eastern Europe,CZ04,20000.00,62.00,4.10,2.20,78.00,335.60,253.66,289.30,42.00,16.70,130.50,15.80,86.27,5.00,19.00
Severovýchod,CZ,Central and Eastern Europe,CZ05,23800.00,74.00,2.80,4.20,80.20,376.37,215.35,245.20,64.00,21.20,125.30,10.30,77.43,4.30,27.90
Jihovýchod,CZ,Central and Eastern Europe,CZ06,27500.00,85.00,2.20,5.80,80.50,435.18,217.01,242.60,49.00,28.20,126.80,11.90,83.19,4.40,41.80
Střední Morava,CZ,Central and Eastern Europe,CZ07,23700.00,74.00,2.50,3.40,79.80,412.62,199.75,246.68,32.00,22.30,133.00,11.50,84.76,5.20,30.10
Moravskoslezsko,CZ,Central and Eastern Europe,CZ08,22600.00,70.00,3.90,4.10,78.50,400.78,232.06,261.72,34.00,22.00,223.80,17.60,87.02,6.90,21.90
Hovedstaden,DK,Northern Europe,DK01,85000.00,170.00,5.20,11.10,81.90,578.71,46.99,251.25,17.00,55.10,780.90,17.90,96.34,16.30,22.40
Sjælland,DK,Northern Europe,DK02,44600.00,89.00,4.60,5.90,81.10,228.21,63.77,278.50,42.00,33.10,120.30,16.70,94.48,6.60,48.60
Syddanmark,DK,Northern Europe,DK03,54500.00,109.00,5.20,2.30,81.50,419.42,59.34,269.78,24.00,35.10,103.20,16.70,94.99,6.60,46.60
Midtjylland,DK,Northern Europe,DK04,54600.00,109.00,5.40,4.40,82.00,456.37,58.69,260.49,38.00,41.20,106.70,18.70,96.17,6.00,45.20
Nordjylland,DK,Northern Europe,DK05,50000.00,100.00,4.70,3.70,81.40,337.27,60.25,271.38,20.00,35.10,76.90,20.70,90.81,6.20,45.00
Stuttgart,DE,Western Europe,DE11,67300.00,156.00,2.90,6.60,82.30,,111.21,201.67,25.00,37.00,393.80,17.10,,11.70,30.40
Karlsruhe,DE,Western Europe,DE12,54100.00,126.00,2.90,8.80,81.70,,122.70,217.80,33.00,37.00,413.70,20.50,,16.50,20.50
Freiburg,DE,Western Europe,DE13,45900.00,107.00,2.20,6.50,82.00,,100.64,207.77,33.00,34.00,249.70,19.40,,7.20,18.20
Tübingen,DE,Western Europe,DE14,53500.00,124.00,2.10,6.70,82.50,,108.31,201.01,49.00,37.30,218.20,15.70,,7.40,22.10
Oberbayern,DE,Western Europe,DE21,74700.00,174.00,2.30,9.30,82.40,,101.17,207.05,30.00,42.60,274.40,14.90,,7.70,20.40
Niederbayern,DE,Western Europe,DE22,49900.00,116.00,,3.80,80.90,,116.81,226.87,54.00,26.00,121.70,17.30,,7.00,29.10
Oberpfalz,DE,Western Europe,DE23,54200.00,126.00,2.10,4.90,80.70,,128.07,231.65,51.00,31.40,115.30,12.90,,5.90,24.00
Oberfranken,DE,Western Europe,DE24,47900.00,111.00,2.50,3.80,80.60,,159.03,233.62,30.00,26.30,146.00,18.10,,7.20,24.20
Mittelfranken,DE,Western Europe,DE25,55500.00,129.00,2.40,6.90,81.10,,127.02,225.46,32.00,36.00,247.70,19.60,,8.60,29.70
Unterfranken,DE,Western Europe,DE26,50800.00,118.00,2.10,4.50,81.50,,129.95,211.87,41.00,32.30,154.50,15.70,,7.80,29.10
Schwaben,DE,Western Europe,DE27,48100.00,112.00,1.80,4.60,81.80,,112.43,213.81,45.00,31.20,193.40,16.00,,6.80,21.40
Berlin,DE,Western Europe,DE30,54700.00,127.00,5.20,9.80,80.90,,123.57,241.14,9.00,45.10,4311.60,21.50,,36.10,3.10
Brandenburg,DE,Western Europe,DE40,37500.00,87.00,3.30,4.00,80.50,,144.04,244.97,42.00,30.40,87.90,20.00,,3.90,26.00
Bremen,DE,Western Europe,DE50,58000.00,135.00,4.70,5.10,79.40,,132.89,249.12,17.00,29.90,1788.30,32.30,,42.40,3.10
Hamburg,DE,Western Europe,DE60,84200.00,195.00,4.10,7.00,80.70,,87.61,249.56,15.00,40.00,2594.60,25.60,,29.80,7.50
Darmstadt,DE,Western Europe,DE71,64100.00,149.00,3.10,7.30,81.50,,121.22,228.40,24.00,37.10,542.60,22.00,,11.20,21.10
Gießen,DE,Western Europe,DE72,43400.00,101.00,3.00,4.20,80.60,,143.82,236.00,36.00,30.90,193.30,25.00,,7.00,19.20
Kassel,DE,Western Europe,DE73,46800.00,109.00,2.10,3.00,80.40,,137.16,227.99,44.00,27.40,145.20,24.10,,7.50,23.10
Mecklenburg-Vorpommern,DE,Western Europe,DE80,37400.00,87.00,4.30,2.70,79.80,,164.17,269.21,36.00,27.00,69.90,23.90,,3.60,33.60
Braunschweig,DE,Western Europe,DE91,55900.00,130.00,3.10,5.10,80.10,,136.57,247.48,46.00,34.40,196.80,23.00,,8.00,33.80
Hannover,DE,Western Europe,DE92,48300.00,112.00,3.00,4.60,80.20,,129.38,246.05,46.00,31.00,235.80,24.50,,7.50,39.50
Lüneburg,DE,Western Europe,DE93,36500.00,85.00,2.60,3.20,80.40,,129.52,244.80,57.00,27.30,111.70,19.90,,5.40,23.80
Weser-Ems,DE,Western Europe,DE94,45700.00,106.00,2.50,2.90,80.20,,136.05,237.89,60.00,27.50,172.20,22.80,,7.70,32.70
Düsseldorf,DE,Western Europe,DEA1,50700.00,118.00,4.00,4.70,80.10,,100.09,254.84,22.00,29.30,1011.70,26.20,,18.00,25.80
Köln,DE,Western Europe,DEA2,51600.00,120.00,3.30,7.70,81.00,,105.39,240.25,27.00,37.00,612.90,24.90,,13.10,25.20
Münster,DE,Western Europe,DEA3,41700.00,97.00,3.00,3.60,80.50,,100.19,247.46,28.00,27.60,383.50,27.90,,12.20,39.50
Detmold,DE,Western Europe,DEA4,46500.00,108.00,2.40,4.40,81.00,,102.72,233.78,27.00,28.50,318.70,22.30,,10.10,35.40
Arnsberg,DE,Western Europe,DEA5,42900.00,100.00,3.60,4.20,79.80,,105.00,257.48,24.00,27.30,447.90,23.80,,12.70,15.40
Koblenz,DE,Western Europe,DEB1,41900.00,97.00,2.50,4.10,80.80,,143.29,244.39,32.00,27.60,190.20,19.80,,8.50,15.00
Trier,DE,Western Europe,DEB2,38600.00,90.00,,,80.90,,128.14,249.21,49.00,29.20,107.30,13.50,,6.70,19.90
Rheinhessen-Pfalz,DE,Western Europe,DEB3,47300.00,110.00,3.60,6.00,81.20,,124.14,232.02,28.00,33.80,304.10,21.70,,9.50,28.20
Saarland,DE,Western Europe,DEC0,41800.00,97.00,3.40,5.10,79.80,,137.62,252.26,34.00,26.60,394.90,20.80,,13.10,13.70
Dresden,DE,Western Europe,DED2,39900.00,93.00,2.40,7.50,81.60,,123.66,219.85,48.00,35.50,204.50,16.20,,7.50,24.90
Chemnitz,DE,Western Europe,DED4,35500.00,82.00,3.30,3.70,80.40,,168.03,235.65,44.00,24.30,214.60,23.30,,7.90,29.70
Leipzig,DE,Western Europe,DED5,42400.00,98.00,4.50,5.50,81.00,,154.89,238.38,46.00,36.00,273.70,20.10,,8.60,37.50
Sachsen-Anhalt,DE,Western Europe,DEE0,36400.00,85.00,3.80,2.50,79.00,,165.68,272.30,61.00,25.60,106.10,28.20,,5.70,37.00
Schleswig-Holstein,DE,Western Europe,DEF0,41500.00,96.00,3.10,3.90,80.60,,130.01,256.65,30.00,29.10,191.20,19.40,,7.50,33.40
Thüringen,DE,Western Europe,DEG0,36400.00,84.00,3.10,4.80,80.30,,136.75,231.41,46.00,27.90,131.40,22.10,,5.80,30.10
Eesti,EE,Northern Europe,EE00,28100.00,80.00,6.40,6.50,78.90,,149.66,250.15,43.00,41.60,31.80,,89.02,1.90,13.40
Northern and Western,IE,Western Europe,IE04,47500.00,104.00,3.80,6.90,82.70,,124.24,242.44,63.00,52.00,37.60,20.10,90.70,2.70,0.30
Southern,IE,Western Europe,IE05,104200.00,229.00,4.20,9.30,82.20,,124.55,251.23,37.00,50.40,59.80,17.70,88.74,5.10,6.50
Eastern and Midland,IE,Western Europe,IE06,114200.00,251.00,4.50,11.50,83.10,,100.36,243.04,21.00,58.00,182.90,19.80,92.57,6.90,11.00
Aττική (Attiki),EL,Southern Europe,EL30,29700.00,96.00,9.40,6.30,81.60,839.75,113.89,240.49,,43.70,1000.50,22.70,,17.10,13.00
Βόρειο Αιγαίο (Voreio Aigaio),EL,Southern Europe,EL41,13100.00,42.00,10.00,,83.60,388.59,73.23,200.94,,26.70,52.10,30.40,,4.90,20.90
Νότιο Αιγαίο (Notio Aigaio),EL,Southern Europe,EL42,21600.00,69.00,7.10,,82.40,400.25,90.61,216.02,,20.10,62.50,20.50,,4.90,7.70
Κρήτη (Kriti),EL,Southern Europe,EL43,18300.00,59.00,10.80,1.70,82.30,626.77,70.85,220.75,,28.40,75.00,18.50,,4.60,28.60
"Aνατολική Μακεδονία, Θράκη (Anatoliki Makedonia, Thraki)",EL,Southern Europe,EL51,13800.00,44.00,12.10,0.90,80.50,553.24,122.67,237.77,,24.50,40.00,31.90,,3.20,20.30
Κεντρική Μακεδονία (Kentriki Makedonia),EL,Southern Europe,EL52,17000.00,55.00,14.10,2.80,81.50,684.99,97.47,245.74,,34.20,96.30,29.60,,4.70,26.20
Δυτική Μακεδονία (Dytiki Makedonia),EL,Southern Europe,EL53,15500.00,50.00,16.70,1.50,82.10,311.13,91.20,233.85,,28.50,27.00,32.70,,2.50,11.50
Ήπειρος (Ipeiros),EL,Southern Europe,EL54,13800.00,44.00,13.80,1.50,83.50,770.15,79.04,207.43,,36.30,35.20,20.10,,2.30,7.00
Θεσσαλία (Thessalia),EL,Southern Europe,EL61,16300.00,52.00,12.90,1.00,81.30,601.50,81.18,234.76,,33.10,48.80,24.70,,3.30,25.30
Ιόνια Νησιά (Ionia Nisia),EL,Southern Europe,EL62,19500.00,63.00,14.70,,81.70,512.77,82.02,223.27,,22.30,88.50,27.70,,5.10,22.20
Δυτική Ελλάδα (Dytiki Ellada),EL,Southern Europe,EL63,15200.00,49.00,9.80,2.10,81.60,509.91,78.13,235.41,,27.80,58.10,35.20,,3.70,19.50
Στερεά Ελλάδα (Sterea Ellada),EL,Southern Europe,EL64,18500.00,59.00,9.90,1.10,81.60,349.25,122.33,218.23,,20.00,32.70,22.80,,3.40,16.50
Πελοπόννησος (Peloponnisos),EL,Southern Europe,EL65,17800.00,57.00,9.60,1.60,81.50,423.10,94.99,219.08,,26.20,34.50,35.70,,3.30,23.00
Galicia,ES,Southern Europe,ES11,28700.00,84.00,9.70,3.10,83.70,404.46,47.78,217.27,47.00,41.40,92.00,25.50,85.94,5.00,7.40
Principado de Asturias,ES,Southern Europe,ES12,28100.00,82.00,12.10,3.80,83.10,542.35,61.86,235.16,49.00,43.60,95.40,25.00,87.31,5.10,2.70
Cantabria,ES,Southern Europe,ES13,28400.00,83.00,8.10,3.90,84.20,508.80,42.10,221.27,41.00,49.40,111.90,22.00,87.07,4.10,2.60
País Vasco,ES,Southern Europe,ES21,39000.00,114.00,7.70,5.00,84.50,556.48,40.76,221.07,25.00,55.70,309.00,15.50,88.51,6.60,9.70
Comunidad Foral de Navarra,ES,Southern Europe,ES22,37000.00,108.00,9.90,3.00,84.90,532.99,42.02,207.87,25.00,48.30,65.30,17.20,90.28,3.60,18.70
La Rioja,ES,Southern Europe,ES23,32400.00,95.00,9.40,2.40,84.20,381.46,47.52,207.80,37.00,40.20,64.20,21.80,88.36,3.70,27.40
Aragón,ES,Southern Europe,ES24,34700.00,102.00,8.60,3.00,84.10,519.82,47.95,224.64,55.00,42.90,28.40,20.40,88.44,2.60,21.90
Comunidad de Madrid,ES,Southern Europe,ES30,42600.00,125.00,10.00,8.20,85.50,545.01,40.02,187.28,20.00,50.50,870.60,19.40,93.45,11.50,15.10
Castilla y León,ES,Southern Europe,ES41,29300.00,86.00,9.70,3.00,84.60,404.83,44.66,212.65,70.00,40.80,25.50,22.40,88.04,2.70,33.40
Castilla-La Mancha,ES,Southern Europe,ES42,25100.00,73.00,13.20,3.50,83.90,340.55,48.11,207.94,58.00,32.70,26.50,31.70,88.24,2.80,37.90
Extremadura,ES,Southern Europe,ES43,23900.00,70.00,17.40,2.30,83.10,527.84,56.73,220.69,66.00,34.50,25.80,32.80,84.36,2.40,19.10
Cataluña,ES,Southern Europe,ES51,35600.00,104.00,9.30,5.50,84.00,412.15,43.57,206.35,36.00,44.80,248.90,21.20,92.86,5.90,19.90
Comunitat Valenciana ,ES,Southern Europe,ES52,26500.00,78.00,12.80,3.60,83.20,376.44,61.35,217.40,29.00,38.60,227.70,29.60,89.41,6.90,25.60
Illes Balears,ES,Southern Europe,ES53,34000.00,99.00,10.30,2.40,83.70,447.73,50.90,218.38,52.00,33.50,245.50,20.60,92.82,6.40,24.70
Andalucía,ES,Southern Europe,ES61,23200.00,68.00,18.30,3.10,82.50,382.92,65.85,220.37,36.00,35.80,99.20,37.50,88.72,4.30,33.50
Región de Murcia,ES,Southern Europe,ES62,25500.00,75.00,12.80,2.30,82.80,433.69,60.54,218.83,40.00,32.70,138.00,30.50,89.45,7.40,24.80
Ciudad de Ceuta,ES,Southern Europe,ES63,22400.00,66.00,30.00,,81.20,601.57,92.99,204.97,12.00,21.20,4155.80,41.80,90.72,,
Ciudad de Melilla,ES,Southern Europe,ES64,20500.00,60.00,26.60,,81.60,,91.06,191.59,0.00,32.80,6124.20,36.70,96.63,,
Canarias,ES,Southern Europe,ES70,24300.00,71.00,16.10,2.00,82.60,453.66,79.68,217.72,31.00,34.30,299.90,33.80,89.49,,
Ile-de-France,FR,Western Europe,FR10,66800.00,160.00,7.60,8.20,84.50,440.58,32.56,194.22,21.00,56.50,1039.10,19.20,89.02,13.90,28.40
Centre — Val de Loire,FR,Western Europe,FRB0,34800.00,83.00,5.70,3.60,82.60,297.34,43.53,233.01,67.00,37.80,65.80,15.30,80.98,4.50,41.40
Bourgogne,FR,Western Europe,FRC1,34700.00,83.00,7.30,2.30,82.30,357.55,42.40,227.81,81.00,36.40,51.30,18.30,81.41,3.50,24.00
Franche-Comté,FR,Western Europe,FRC2,31200.00,75.00,5.70,5.70,82.20,375.29,40.14,218.34,73.00,36.90,72.80,15.90,78.17,4.30,14.00
Basse-Normandie ,FR,Western Europe,FRD1,33900.00,81.00,6.00,2.20,82.30,375.97,47.63,239.48,57.00,38.60,83.30,16.10,79.70,6.00,35.60
Haute-Normandie ,FR,Western Europe,FRD2,35000.00,84.00,6.90,2.70,81.80,340.93,48.47,247.88,40.00,35.00,152.10,17.30,78.07,5.50,41.70
Nord-Pas de Calais,FR,Western Europe,FRE1,32600.00,78.00,9.80,2.80,81.10,376.95,45.11,260.50,41.00,34.90,328.00,26.60,84.21,10.90,51.10
Picardie,FR,Western Europe,FRE2,30700.00,74.00,9.10,2.30,81.40,308.19,44.23,237.45,52.00,32.60,98.80,21.00,77.94,5.00,54.30
Alsace,FR,Western Europe,FRF1,37900.00,91.00,5.90,4.20,82.80,430.14,46.48,223.79,37.00,44.50,233.50,17.70,84.59,8.40,27.80
Champagne-Ardenne,FR,Western Europe,FRF2,37000.00,89.00,7.10,1.00,81.60,357.04,39.63,229.50,87.00,30.10,51.10,20.60,83.08,4.30,37.60
Lorraine,FR,Western Europe,FRF3,30500.00,73.00,7.40,1.90,81.80,361.46,42.80,242.26,44.00,32.20,98.50,22.20,80.63,5.10,27.80
Pays de la Loire,FR,Western Europe,FRG0,36700.00,88.00,6.10,3.60,83.30,345.24,38.90,227.87,50.00,38.70,121.40,16.40,83.82,7.70,39.00
Bretagne,FR,Western Europe,FRH0,35400.00,85.00,5.40,3.80,82.50,391.78,44.53,231.10,52.00,40.20,126.00,15.30,84.28,8.20,37.00
Aquitaine,FR,Western Europe,FRI1,36800.00,88.00,7.20,4.10,83.40,421.00,36.26,223.42,57.00,40.50,86.80,19.30,88.15,5.30,18.60
Limousin,FR,Western Europe,FRI2,31500.00,76.00,6.30,1.90,82.30,394.06,41.51,224.17,66.00,40.70,42.80,22.50,77.82,4.20,12.10
Poitou-Charentes,FR,Western Europe,FRI3,34500.00,83.00,7.30,1.50,82.60,339.02,42.30,232.77,64.00,36.60,71.00,18.00,79.95,5.70,43.00
Languedoc-Roussillon,FR,Western Europe,FRJ1,32400.00,78.00,9.20,4.40,82.70,400.44,40.82,229.81,68.00,38.90,108.20,23.30,85.22,5.90,16.90
Midi-Pyrénées,FR,Western Europe,FRJ2,37600.00,90.00,6.10,5.40,83.60,372.63,38.92,213.63,51.00,46.30,70.10,21.00,84.26,4.20,26.40
Auvergne,FR,Western Europe,FRK1,33600.00,81.00,7.10,2.60,82.40,373.90,42.76,234.37,65.00,34.90,52.50,15.40,76.89,4.20,14.00
Rhône-Alpes,FR,Western Europe,FRK2,42400.00,102.00,6.50,6.00,84.20,398.41,33.65,204.70,45.00,46.90,154.70,18.50,84.90,6.10,13.00
Provence-Alpes-Côte d’Azur,FR,Western Europe,FRL0,40500.00,97.00,7.10,4.20,83.50,450.89,34.64,208.25,49.00,42.10,166.70,21.50,86.00,5.90,9.80
Corse,FR,Western Europe,FRM0,36000.00,86.00,6.90,,83.80,335.07,41.73,213.77,89.00,32.50,41.00,23.30,72.20,2.30,2.40
Guadeloupe,FR,Western Europe,FRY1,27500.00,66.00,18.60,2.20,80.30,346.51,23.58,195.41,96.00,27.50,246.00,36.00,75.54,,
Martinique ,FR,Western Europe,FRY2,28500.00,68.00,10.80,,81.60,377.79,20.38,190.99,67.00,29.20,325.20,30.50,73.50,,
Guyane,FR,Western Europe,FRY3,17700.00,42.00,14.00,,79.40,254.35,21.51,167.80,115.00,23.70,3.50,60.30,74.04,,
La Réunion ,FR,Western Europe,FRY4,26700.00,64.00,19.00,1.40,82.10,396.50,50.87,187.51,33.00,24.40,358.90,40.80,78.08,,
Mayotte,FR,Western Europe,FRY5,12000.00,29.00,,,75.00,83.11,27.48,225.72,22.00,,863.70,,,,
Panonska Hrvatska,HR,Central and Eastern Europe,HR02,13900.00,53.00,10.10,1.90,77.30,351.60,208.50,313.82,82.00,17.10,43.60,31.30,,2.40,22.50
Jadranska Hrvatska,HR,Central and Eastern Europe,HR03,19200.00,73.00,6.00,2.80,79.30,377.03,189.53,299.09,98.00,28.80,53.20,18.90,78.80,2.70,4.30
Grad Zagreb,HR,Central and Eastern Europe,HR05,34500.00,131.00,3.80,11.00,79.50,667.21,124.50,303.78,23.00,48.90,,11.90,88.16,16.70,9.40
Sjeverna Hrvatska,HR,Central and Eastern Europe,HR06,17300.00,66.00,4.40,4.20,78.10,244.59,171.43,304.71,58.00,22.30,,18.60,76.37,5.10,22.60
Piemonte,IT,Southern Europe,ITC1,37400.00,101.00,6.20,4.40,83.20,488.75,63.57,225.78,42.00,20.90,169.00,13.80,86.16,5.60,25.10
Valle d’Aosta/Vallée d’Aoste,IT,Southern Europe,ITC2,47200.00,128.00,4.00,,83.90,471.53,62.62,212.41,41.00,20.80,37.90,13.80,85.47,2.30,0.20
Liguria,IT,Southern Europe,ITC3,38800.00,105.00,6.10,3.50,83.50,569.61,64.48,220.89,36.00,23.50,278.90,17.70,86.76,7.10,4.90
Lombardia,IT,Southern Europe,ITC4,49100.00,133.00,4.00,6.20,84.00,528.67,64.50,226.14,38.00,23.50,433.60,12.70,88.05,9.60,28.80
Abruzzo,IT,Southern Europe,ITF1,31100.00,84.00,8.10,3.10,83.10,556.76,84.16,203.03,57.00,22.20,117.60,28.60,85.79,5.10,21.10
Molise,IT,Southern Europe,ITF2,27200.00,73.00,9.60,1.60,82.70,514.61,93.64,204.44,55.00,21.90,65.20,24.80,82.43,3.40,30.90
Campania,IT,Southern Europe,ITF3,23700.00,64.00,17.40,3.50,81.50,486.85,110.44,235.85,39.00,17.80,410.80,44.40,76.54,11.10,32.40
Puglia,IT,Southern Europe,ITF4,23600.00,64.00,11.60,2.00,83.10,477.38,74.12,210.85,60.00,17.50,202.10,32.20,81.09,6.70,55.30
Basilicata,IT,Southern Europe,ITF5,27700.00,75.00,7.50,1.70,82.80,387.74,78.34,194.37,51.00,19.70,53.40,27.30,77.40,3.80,19.20
Calabria,IT,Southern Europe,ITF6,21200.00,57.00,15.90,2.90,82.10,446.87,80.85,202.68,59.00,19.00,121.40,48.60,74.07,4.60,24.10
Sicilia,IT,Southern Europe,ITG1,22300.00,60.00,15.80,2.60,81.70,546.54,74.10,214.80,50.00,16.80,187.00,41.40,78.25,6.50,32.50
Sardegna,IT,Southern Europe,ITG2,26600.00,72.00,10.10,2.90,83.00,605.67,53.98,231.46,70.00,18.60,65.90,32.90,81.85,4.30,13.80
Provincia Autonoma di Bolzano/Bozen,IT,Southern Europe,ITH1,61500.00,166.00,2.00,1.70,84.60,437.26,54.88,200.88,65.00,18.90,72.70,5.80,86.14,2.20,4.10
Provincia Autonoma di Trento,IT,Southern Europe,ITH2,46800.00,127.00,3.80,4.10,84.80,412.07,63.65,200.26,66.00,23.50,88.40,10.60,87.76,2.60,4.80
Veneto,IT,Southern Europe,ITH3,40700.00,110.00,4.20,3.20,84.20,485.89,62.97,204.51,64.00,20.50,279.60,14.10,86.91,10.50,38.20
Friuli-Venezia Giulia,IT,Southern Europe,ITH4,37700.00,102.00,4.60,3.40,83.80,552.82,69.82,221.05,47.00,22.00,157.80,14.00,86.38,6.40,24.00
Emilia-Romagna,IT,Southern Europe,ITH5,43700.00,118.00,5.00,3.40,84.00,606.42,59.06,213.15,63.00,23.70,200.70,7.40,88.61,7.60,42.40
Toscana,IT,Southern Europe,ITI1,38100.00,103.00,5.30,3.60,84.20,590.51,51.08,214.00,55.00,22.40,160.60,13.20,87.62,5.50,23.00
Umbria,IT,Southern Europe,ITI2,31400.00,85.00,6.00,3.60,83.90,577.37,66.47,208.80,53.00,23.80,102.90,13.00,86.49,4.80,26.60
Marche,IT,Southern Europe,ITI3,33300.00,90.00,5.20,2.40,84.30,495.38,73.09,207.02,60.00,23.20,159.10,13.60,84.49,6.30,36.70
Lazio,IT,Southern Europe,ITI4,42200.00,114.00,7.20,8.30,83.00,642.77,79.94,226.82,61.00,28.40,337.20,26.30,87.96,7.40,27.40
Κύπρος (Kypros),CY,Southern Europe,CY00,33900.00,97.00,5.80,6.10,83.00,,70.04,194.38,35.00,50.70,104.00,,90.77,8.20,31.00
Latvija,LV,Northern Europe,LV00,21000.00,70.00,6.50,5.20,75.60,,338.89,280.42,74.00,39.20,30.20,,87.44,1.90,16.70
Sostinės regionas,LT,Northern Europe,LT01,39400.00,131.00,4.90,9.50,78.20,602.45,360.67,246.91,40.00,62.00,91.10,18.10,88.52,2.70,19.90
Vidurio ir vakarų Lietuvos regionas ,LT,Northern Europe,LT02,20100.00,67.00,7.80,2.70,77.10,401.57,484.32,262.83,61.00,39.40,37.80,27.00,81.02,2.10,34.40
Luxembourg,LU,Western Europe,LU00,123000.00,248.00,5.20,5.90,83.10,,50.25,196.83,39.00,51.90,257.70,,93.13,9.20,20.20
Budapest,HU,Central and Eastern Europe,HU11,44700.00,164.00,2.30,12.20,78.80,613.96,313.21,291.88,26.00,56.20,3291.40,12.00,95.40,37.50,7.20
Pest,HU,Central and Eastern Europe,HU12,17600.00,65.00,3.20,8.50,77.40,276.55,334.48,305.73,48.00,33.30,211.90,17.40,90.79,6.90,32.70
Közép-Dunántúl,HU,Central and Eastern Europe,HU21,18000.00,66.00,2.20,5.40,76.70,248.03,336.34,317.22,50.00,23.00,99.00,13.00,89.10,4.90,38.60
Nyugat-Dunántúl,HU,Central and Eastern Europe,HU22,18200.00,67.00,2.70,4.10,77.40,296.97,301.83,311.00,58.00,22.90,87.80,13.90,87.49,3.70,43.70
Dél-Dunántúl,HU,Central and Eastern Europe,HU23,13500.00,50.00,6.00,2.80,76.60,380.22,343.09,334.99,59.00,22.30,62.20,27.10,86.26,2.90,38.00
Észak-Magyarország,HU,Central and Eastern Europe,HU31,13000.00,48.00,6.40,4.70,74.90,233.52,438.27,327.11,46.00,20.40,81.90,29.30,85.67,3.00,32.10
Észak-Alföld,HU,Central and Eastern Europe,HU32,13400.00,49.00,6.70,4.50,75.70,348.13,386.31,329.51,52.00,21.60,80.50,25.70,82.94,4.00,50.90
Dél-Alföld,HU,Central and Eastern Europe,HU33,14600.00,54.00,4.60,2.40,76.20,367.79,377.54,304.57,68.00,22.20,66.00,22.80,85.51,3.30,49.10
Malta,MT,Southern Europe,MT00,37700.00,109.00,3.50,6.50,83.10,,134.73,201.62,28.00,33.20,1766.00,,90.40,25.90,24.10
Groningen,NL,Western Europe,NL11,53900.00,120.00,4.20,4.60,80.70,557.53,55.27,273.56,60.00,43.90,259.90,20.40,94.76,10.50,37.60
Friesland (NL),NL,Western Europe,NL12,43200.00,96.00,4.00,2.60,81.80,243.97,47.64,253.33,57.00,37.40,200.10,16.20,95.30,6.40,13.50
Drenthe,NL,Western Europe,NL13,41600.00,93.00,3.30,4.00,81.50,309.88,54.73,263.33,61.00,35.40,188.40,14.20,97.78,7.60,26.00
Overijssel,NL,Western Europe,NL21,50300.00,112.00,2.90,5.10,81.60,291.23,48.21,263.36,38.00,39.40,353.00,14.00,97.26,10.10,17.80
Gelderland,NL,Western Europe,NL22,49400.00,110.00,3.30,4.70,82.00,394.00,50.35,253.04,46.00,41.80,428.30,14.50,97.41,12.40,15.30
Flevoland,NL,Western Europe,NL23,46300.00,103.00,4.30,6.20,81.90,125.29,53.35,253.92,24.00,37.90,312.00,15.90,98.96,6.50,31.90
Noord-Holland,NL,Western Europe,NL32,77300.00,172.00,3.80,7.20,82.00,489.08,46.32,249.98,29.00,50.70,1079.20,15.80,98.09,16.60,14.80
Zeeland,NL,Western Europe,NL34,50100.00,112.00,2.10,2.50,82.20,168.63,47.06,245.64,49.00,29.80,217.10,15.40,97.83,10.80,46.50
Utrecht,NL,Western Europe,NL35,70500.00,157.00,3.30,7.30,82.20,612.55,,,29.00,56.40,,,,16.60,4.70
Zuid-Holland,NL,Western Europe,NL36,56400.00,126.00,4.00,6.20,81.90,386.83,,,26.00,45.20,,,,25.20,11.20
Noord-Brabant,NL,Western Europe,NL41,60600.00,135.00,3.20,5.30,81.70,278.70,45.49,253.93,45.00,42.60,533.40,14.10,97.96,16.00,26.60
Limburg (NL),NL,Western Europe,NL42,49000.00,109.00,3.40,3.20,81.50,377.87,49.00,251.72,50.00,36.90,524.30,16.30,97.66,16.30,29.30
Burgenland,AT,Western Europe,AT11,37500.00,87.00,5.20,3.80,82.10,465.52,176.07,221.87,70.00,33.20,79.70,12.30,79.28,5.60,39.10
Niederösterreich,AT,Western Europe,AT12,43300.00,100.00,4.30,4.90,81.50,491.74,147.30,232.89,58.00,36.00,91.00,13.20,82.60,4.50,34.60
Wien,AT,Western Europe,AT13,60200.00,139.00,9.60,8.20,81.00,705.34,140.98,235.80,6.00,46.30,5035.20,29.50,90.40,28.00,13.70
Kärnten,AT,Western Europe,AT21,49700.00,115.00,4.50,5.60,81.90,513.73,127.02,218.92,53.00,33.80,60.80,17.20,79.06,5.50,6.10
Steiermark,AT,Western Europe,AT22,48300.00,111.00,4.30,4.70,81.90,532.47,130.01,228.59,64.00,33.10,78.00,15.20,81.73,4.10,8.60
Oberösterreich,AT,Western Europe,AT31,53200.00,123.00,3.50,3.70,82.10,444.39,123.66,218.21,49.00,33.10,130.30,14.60,82.63,6.90,23.20
Salzburg,AT,Western Europe,AT32,63400.00,147.00,3.00,3.80,82.60,613.60,103.76,204.73,61.00,36.10,80.80,12.10,87.30,3.10,0.50
Tirol,AT,Western Europe,AT33,55200.00,128.00,3.10,3.30,83.10,598.47,136.30,201.18,45.00,32.20,61.90,14.30,84.27,2.70,0.70
Vorarlberg,AT,Western Europe,AT34,54700.00,126.00,3.40,3.30,83.00,450.78,122.06,207.06,32.00,29.40,161.30,18.60,84.69,3.60,0.70
Małopolskie,PL,Central and Eastern Europe,PL21,17800.00,69.00,2.30,6.30,79.50,383.50,128.95,274.53,35.00,40.50,220.80,14.80,82.86,5.10,16.60
Śląskie,PL,Central and Eastern Europe,PL22,20600.00,79.00,2.50,3.80,77.60,391.45,208.98,284.93,30.00,36.60,348.20,10.70,85.34,8.80,20.50
Wielkopolskie,PL,Central and Eastern Europe,PL41,20900.00,81.00,2.80,2.50,78.20,311.56,143.02,277.25,54.00,33.60,116.70,16.40,78.39,4.20,44.90
Zachodniopomorskie,PL,Central and Eastern Europe,PL42,16400.00,63.00,2.20,3.10,77.60,350.61,123.90,279.72,58.00,36.80,72.50,16.80,74.25,2.30,27.20
Lubuskie,PL,Central and Eastern Europe,PL43,15900.00,61.00,,,77.70,256.55,217.27,255.62,65.00,31.10,68.80,16.00,76.96,4.00,19.80
Dolnośląskie,PL,Central and Eastern Europe,PL51,21400.00,82.00,3.00,5.50,78.00,401.93,349.12,276.39,43.00,39.70,142.10,14.40,83.94,4.00,37.20
Opolskie,PL,Central and Eastern Europe,PL52,16100.00,62.00,2.70,,78.60,269.09,244.78,267.52,55.00,30.10,95.90,11.90,74.23,2.90,49.60
Kujawsko-pomorskie,PL,Central and Eastern Europe,PL61,16000.00,62.00,3.80,3.60,77.60,324.61,228.01,284.02,56.00,31.10,110.20,24.10,78.10,3.30,48.40
Warmińsko-mazurskie,PL,Central and Eastern Europe,PL62,14100.00,54.00,2.60,1.80,77.60,276.20,137.00,265.54,59.00,31.20,56.60,24.70,72.00,2.30,26.00
Pomorskie,PL,Central and Eastern Europe,PL63,19100.00,73.00,1.90,6.40,78.60,377.90,282.68,284.88,47.00,42.40,129.80,16.90,83.58,4.00,30.70
Łódzkie,PL,Central and Eastern Europe,PL71,19000.00,73.00,3.80,4.20,77.20,436.55,141.61,261.09,71.00,33.50,128.90,16.10,78.25,4.50,41.70
Świętokrzyskie,PL,Central and Eastern Europe,PL72,14900.00,57.00,3.80,,77.90,334.01,89.21,265.81,76.00,33.70,97.00,22.00,67.97,3.20,31.00
Lubelskie,PL,Central and Eastern Europe,PL81,13800.00,53.00,4.00,2.30,78.30,403.05,400.17,244.44,63.00,34.00,77.90,22.10,74.97,3.00,39.00
Podkarpackie,PL,Central and Eastern Europe,PL82,14300.00,55.00,4.30,2.60,79.60,302.47,162.06,221.76,46.00,32.90,110.70,17.20,75.26,5.60,16.50
Podlaskie,PL,Central and Eastern Europe,PL84,15400.00,59.00,2.30,2.30,78.80,435.45,257.75,246.71,70.00,36.00,54.10,27.00,70.61,2.50,28.20
Warszawski stołeczny,PL,Central and Eastern Europe,PL91,40200.00,155.00,1.90,10.10,79.50,733.59,143.34,256.83,31.00,62.00,544.70,8.90,92.47,9.50,15.40
Mazowiecki regionalny,PL,Central and Eastern Europe,PL92,18100.00,70.00,3.10,1.80,77.30,215.12,165.57,264.82,93.00,32.20,75.40,18.00,77.09,3.60,36.70
Norte,PT,Southern Europe,PT11,21900.00,69.00,7.00,3.50,82.90,601.35,39.16,208.96,51.00,26.30,173.50,22.00,76.69,8.00,19.10
Algarve,PT,Southern Europe,PT15,27500.00,87.00,5.70,,80.90,428.78,63.99,225.08,89.00,25.30,97.60,22.60,84.39,6.10,15.20
Centro (PT),PT,Southern Europe,PT19,22100.00,70.00,5.40,3.20,82.70,661.72,,,90.00,29.20,72.90,,,6.40,12.60
Grande Lisboa,PT,Southern Europe,PT1A,40100.00,127.00,6.70,8.70,82.50,812.82,,,21.00,42.40,1597.70,,,18.70,16.20
Península de Setúba,PT,Southern Europe,PT1B,17100.00,54.00,8.40,6.00,81.20,350.09,,,44.00,33.80,549.50,,,16.60,15.60
Alentejo,PT,Southern Europe,PT1C,24300.00,77.00,6.00,2.10,80.80,354.43,,,171.00,21.10,17.70,,,2.90,14.80
Oeste e Vale do Tejo,PT,Southern Europe,PT1D,20200.00,64.00,5.40,2.80,82.00,252.38,,,79.00,24.20,92.60,,,9.20,23.30
Região Autónoma dos Açores,PT,Southern Europe,PT20,22300.00,71.00,6.50,,79.40,404.03,78.78,297.92,75.00,16.90,104.40,31.40,80.90,,
Região Autónoma da Madeira,PT,Southern Europe,PT30,27300.00,86.00,6.00,,80.40,536.53,67.23,242.90,43.00,20.90,319.60,28.10,82.58,,
Nord-Vest,RO,Central and Eastern Europe,RO11,15600.00,69.00,3.00,2.70,76.50,371.47,443.23,252.02,74.00,17.20,74.60,24.70,84.25,2.70,20.00
Centru,RO,Central and Eastern Europe,RO12,15700.00,70.00,4.60,2.20,76.90,369.93,360.04,238.66,66.00,18.10,67.30,31.90,81.10,2.60,13.50
Nord-Est,RO,Central and Eastern Europe,RO21,10500.00,47.00,5.90,1.50,75.40,272.79,252.28,245.90,85.00,13.60,88.40,38.70,81.55,2.70,31.20
Sud-Est,RO,Central and Eastern Europe,RO22,13000.00,57.00,9.10,,75.60,253.92,261.67,250.40,102.00,13.70,69.80,45.30,79.18,2.60,47.70
Sud-Muntenia,RO,Central and Eastern Europe,RO31,12100.00,54.00,7.80,1.40,76.00,169.87,286.34,219.03,97.00,12.60,83.80,32.90,76.11,3.40,48.90
Bucureşti-Ilfov,RO,Central and Eastern Europe,RO32,40800.00,181.00,2.80,9.90,77.60,803.73,268.51,285.22,40.00,39.40,1310.00,12.30,90.11,16.50,38.90
Sud-Vest Oltenia,RO,Central and Eastern Europe,RO41,13300.00,59.00,8.90,1.00,76.90,343.31,254.52,196.78,107.00,16.50,64.80,40.50,81.71,2.70,34.80
Vest,RO,Central and Eastern Europe,RO42,17300.00,77.00,2.80,5.80,76.40,517.93,288.25,250.57,76.00,19.40,52.50,27.60,84.48,2.50,24.60
Vzhodna Slovenija,SI,Central and Eastern Europe,SI03,24100.00,73.00,3.80,4.10,81.00,297.90,92.44,280.57,41.00,30.00,90.00,16.00,83.73,3.70,11.90
Zahodna Slovenija,SI,Central and Eastern Europe,SI04,36900.00,112.00,3.50,7.10,82.80,408.04,75.61,280.64,37.00,38.20,129.40,11.30,89.99,4.00,5.50
Bratislavský kraj,SK,Central and Eastern Europe,SK01,46100.00,151.00,2.30,10.90,80.30,676.33,303.97,263.12,33.00,51.20,361.50,,87.70,6.80,30.60
Západné Slovensko,SK,Central and Eastern Europe,SK02,21100.00,69.00,3.60,3.60,78.20,284.36,377.38,276.70,60.00,24.20,121.60,,79.26,3.90,45.30
Stredné Slovensko,SK,Central and Eastern Europe,SK03,18700.00,61.00,5.90,3.70,77.60,366.34,420.94,269.43,58.00,26.50,80.60,,82.78,2.10,11.20
Východné Slovensko,SK,Central and Eastern Europe,SK04,16600.00,54.00,10.40,4.50,77.70,371.85,357.97,263.93,37.00,25.40,101.40,,82.47,2.80,18.40
Länsi-Suomi,FI,Northern Europe,FI19,44400.00,94.00,6.70,5.00,81.40,,135.06,211.58,43.00,41.60,24.20,,92.41,2.90,7.50
Helsinki-Uusimaa,FI,Northern Europe,FI1B,62200.00,131.00,7.60,10.90,82.10,,114.35,209.67,19.00,49.30,192.00,14.20,94.71,6.60,9.70
Etelä-Suomi,FI,Northern Europe,FI1C,42200.00,89.00,7.50,4.10,81.30,,134.88,207.76,34.00,37.80,36.50,16.20,91.63,3.40,9.70
Pohjois- ja Itä-Suomi,FI,Northern Europe,FI1D,41500.00,88.00,6.90,4.60,81.20,,161.97,201.24,42.00,38.00,6.20,16.00,91.78,1.50,1.70
Åland,FI,Northern Europe,FI20,53800.00,114.00,,,84.90,,114.72,209.93,0.00,32.30,19.60,,,2.20,7.40
Stockholm,SE,Northern Europe,SE11,68700.00,151.00,6.90,11.10,84.20,,61.16,191.99,14.00,58.80,375.10,15.00,96.99,8.00,6.40
Östra Mellansverige,SE,Northern Europe,SE12,43600.00,96.00,9.10,6.50,83.10,,88.64,212.69,20.00,45.70,45.90,19.10,95.59,2.60,10.10
Småland med öarna,SE,Northern Europe,SE21,43100.00,95.00,6.90,3.60,83.50,,102.67,198.25,26.00,42.70,26.60,17.80,93.14,2.90,5.90
Sydsverige,SE,Northern Europe,SE22,42700.00,94.00,9.40,5.90,82.90,,81.82,212.74,22.00,50.00,113.40,22.80,92.71,5.30,26.40
Västsverige,SE,Northern Europe,SE23,50300.00,110.00,7.40,6.10,83.30,,84.50,206.08,24.00,48.50,72.10,18.00,95.76,4.00,11.90
Norra Mellansverige,SE,Northern Europe,SE31,38700.00,85.00,7.30,2.70,82.70,,90.28,206.92,25.00,40.50,13.50,22.30,96.10,2.00,1.40
Mellersta Norrland,SE,Northern Europe,SE32,43300.00,95.00,6.50,5.30,82.20,,102.89,206.55,35.00,41.00,5.30,17.70,93.31,1.10,0.70
Övre Norrland,SE,Northern Europe,SE33,49800.00,109.00,5.70,5.60,82.20,,105.65,200.70,34.00,47.00,3.50,14.30,95.56,0.70,0.30
