,region_name,Country,EU Region,GDP,GDP per Capita,Unemployment %,Life Expectancy,Doctors per 100000,Fatal Road Accidents per Million,Tertiary Educational Attainment %,Population Density,People at Risk of Poverty %,Regular Internet Users %,pc_1,pc_2
0,Abruzzo,IT,Southern Europe,30.89,24000.00,9.30,82.90,435.45,46.00,21.20,120.50,25.00,78.00,-0.71,0.84
1,Alentejo,PT,Southern Europe,12.44,17700.00,6.60,80.20,310.06,135.00,21.40,22.70,22.00,70.00,-3.34,-0.98
2,Algarve,PT,Southern Europe,8.71,19900.00,8.30,80.30,419.03,75.00,24.40,88.90,23.20,76.00,-1.65,0.16
3,Alsace,FR,Western Europe,59.58,31000.00,7.10,81.80,362.21,30.00,39.00,230.60,15.00,75.00,0.58,-0.23
4,Andalucía,ES,Southern Europe,150.56,17700.00,21.70,81.70,371.83,30.00,32.50,97.40,37.70,84.00,-0.36,3.18
5,Aquitaine,FR,Western Europe,103.98,29600.00,7.40,83.50,363.49,47.00,36.00,83.90,16.68,81.00,0.74,-0.20
6,Aragón,ES,Southern Europe,35.29,26500.00,10.20,82.30,502.84,51.00,39.70,27.90,21.10,85.00,0.55,0.81
7,Arnsberg,DE,Western Europe,125.49,35100.00,4.30,80.20,320.57,21.00,25.50,449.10,18.50,87.00,1.00,-0.65
8,Auvergne,FR,Western Europe,37.18,27000.00,7.00,82.10,311.28,52.00,31.20,52.60,17.14,68.00,-0.87,-0.45
9,"Aνατολική Μακεδονία, Θράκη (Anatoliki Makedonia, Thraki)",EL,Southern Europe,6.49,10900.00,18.50,80.00,510.88,47.00,24.40,42.80,35.20,78.00,-1.87,2.86
10,Aττική (Attiki),EL,Southern Europe,78.18,20900.00,11.90,81.10,813.51,40.00,41.00,987.50,24.80,79.60,0.95,2.90
11,Basilicata,IT,Southern Europe,11.64,21200.00,8.30,82.80,351.49,33.00,17.60,55.70,34.70,74.00,-1.51,1.10
12,Basse-Normandie ,FR,Western Europe,38.75,26400.00,6.40,82.10,303.75,55.00,32.60,82.60,17.62,79.00,-0.27,-0.64
13,Berlin,DE,Western Europe,155.17,42300.00,5.70,80.90,458.03,14.00,42.90,4322.90,19.30,90.40,3.37,1.70
14,Bourgogne,FR,Western Europe,45.36,27900.00,7.10,81.70,295.55,62.00,35.00,51.30,19.02,77.00,-0.48,-0.56
15,Brandenburg,DE,Western Europe,74.92,29700.00,3.00,80.60,408.93,56.00,29.20,86.70,17.00,84.80,0.26,-0.95
16,Bratislavský kraj,SK,Central and Eastern Europe,26.19,38900.00,2.60,78.80,648.52,36.00,45.60,328.80,7.90,90.00,2.22,-0.64
17,Braunschweig,DE,Western Europe,75.52,47400.00,3.80,80.80,362.06,40.00,32.00,197.30,18.10,90.80,1.40,-0.89
18,Bremen,DE,Western Europe,31.93,46900.00,6.90,80.00,349.34,21.00,30.80,1744.50,26.50,88.40,1.19,0.73
19,Bretagne,FR,Western Europe,99.65,29400.00,5.80,82.60,325.67,41.00,38.10,122.40,16.60,80.00,0.73,-0.55
20,Bucureşti-Ilfov,RO,Central and Eastern Europe,60.31,26000.00,3.50,75.50,617.92,46.00,40.50,1321.90,14.00,77.00,0.42,0.03
21,Budapest,HU,Central and Eastern Europe,50.43,29000.00,2.90,77.90,570.91,19.00,49.80,3433.80,15.60,92.00,2.72,0.93
22,Burgenland,AT,Western Europe,8.92,30200.00,5.10,81.80,434.45,61.00,33.10,77.80,19.50,78.00,-0.26,-0.31
23,Calabria,IT,Southern Europe,30.90,16500.00,18.00,82.50,388.11,32.00,16.00,126.50,39.80,72.00,-2.08,2.97
24,Campania,IT,Southern Europe,102.83,18100.00,19.30,81.20,390.99,31.00,16.30,422.20,49.70,74.00,-2.08,3.80
25,Canarias,ES,Southern Europe,39.16,17400.00,23.20,83.40,394.47,22.00,34.40,299.40,35.00,84.00,-0.27,3.54
26,Cantabria,ES,Southern Europe,12.87,22100.00,11.50,83.20,515.45,27.00,42.50,110.50,19.40,82.00,0.87,1.26
27,Castilla y León,ES,Southern Europe,55.40,23200.00,11.40,82.40,465.79,52.00,39.00,25.60,16.70,83.00,0.46,0.61
28,Castilla-La Mancha,ES,Southern Europe,39.57,19400.00,15.60,81.10,282.57,47.00,30.80,25.80,30.70,84.00,-0.97,1.33
29,Cataluña,ES,Southern Europe,212.93,27800.00,11.60,82.30,489.63,27.00,42.30,238.10,18.80,88.00,2.06,1.10
30,Centre — Val de Loire,FR,Western Europe,71.57,27800.00,7.20,82.40,260.16,43.00,31.90,65.40,18.16,76.00,-0.17,-0.53
31,Centro (PT),PT,Southern Europe,38.41,17300.00,5.80,81.50,500.38,66.00,26.20,79.20,20.40,72.00,-1.17,0.14
32,Centru,RO,Central and Eastern Europe,24.57,10600.00,5.10,74.40,321.08,85.00,17.10,68.20,24.40,72.00,-3.36,-0.99
33,Champagne-Ardenne,FR,Western Europe,36.66,27800.00,8.90,81.00,289.95,56.00,24.80,51.50,18.16,76.00,-0.96,-0.40
34,Chemnitz,DE,Western Europe,41.28,29100.00,2.30,80.00,408.93,47.00,27.00,219.90,18.30,82.00,-0.04,-0.87
35,Ciudad de Ceuta,ES,Southern Europe,1.64,19500.00,26.60,79.80,905.79,24.00,25.70,4222.90,45.90,88.00,0.34,7.79
36,Ciudad de Melilla,ES,Southern Europe,1.51,17900.00,19.80,79.30,503.67,12.00,34.30,6041.50,38.50,87.00,0.80,5.71
37,Comunidad Foral de Navarra,ES,Southern Europe,19.26,29300.00,10.60,83.40,540.39,30.00,48.40,63.10,11.70,86.00,1.86,0.66
38,Comunidad de Madrid,ES,Southern Europe,216.53,32000.00,11.60,82.30,519.84,16.00,50.20,839.70,19.00,90.00,2.98,1.52
39,Comunitat Valenciana ,ES,Southern Europe,104.72,20800.00,15.90,82.60,393.03,26.00,38.00,216.20,27.00,87.00,0.68,1.88
40,Corse,FR,Western Europe,8.82,25500.00,9.10,84.00,301.69,49.00,39.30,39.60,16.06,74.00,-0.14,-0.16
41,Darmstadt,DE,Western Europe,203.86,50700.00,4.10,81.80,386.74,27.00,32.70,542.20,13.50,89.60,2.59,-0.71
42,Detmold,DE,Western Europe,78.67,38300.00,4.10,81.40,424.78,34.00,25.90,316.30,15.50,90.80,1.31,-0.62
43,Dolnośląskie,PL,Central and Eastern Europe,43.81,15100.00,4.00,76.20,316.09,58.00,36.10,144.90,14.50,79.40,-0.94,-1.47
44,Drenthe,NL,Western Europe,15.58,31500.00,3.50,81.60,295.79,59.00,34.60,184.50,14.30,94.00,0.76,-1.48
45,Dresden,DE,Western Europe,50.63,31800.00,3.30,80.80,307.91,26.00,32.10,205.60,16.60,85.80,0.79,-1.03
46,Dél-Alföld,HU,Central and Eastern Europe,12.62,10300.00,4.50,75.40,358.32,54.00,21.60,68.10,14.90,79.00,-1.77,-1.29
47,Dél-Dunántúl,HU,Central and Eastern Europe,8.44,9700.00,4.80,75.60,359.37,55.00,18.50,63.70,24.60,82.00,-2.11,-0.66
48,Düsseldorf,DE,Western Europe,217.05,41700.00,4.50,80.50,433.03,24.00,28.90,1006.70,20.50,90.60,2.11,0.10
49,Eastern and Midland,IE,Western Europe,186.17,75700.00,6.40,82.60,485.59,21.00,53.90,169.80,19.00,95.00,4.39,0.14
50,Eesti,EE,Northern Europe,26.83,20200.00,6.20,78.90,346.90,45.00,40.10,30.50,29.66,85.00,-0.43,0.05
51,Emilia-Romagna,IT,Southern Europe,149.36,33600.00,5.50,82.60,425.23,50.00,23.30,201.90,15.50,83.00,0.73,-0.39
52,Etelä-Suomi,FI,Northern Europe,43.47,37900.00,7.50,81.90,367.93,42.00,43.50,36.60,16.30,91.00,1.50,-0.42
53,Extremadura,ES,Southern Europe,19.39,18300.00,19.50,81.80,306.95,38.00,26.70,26.00,37.70,81.00,-1.47,2.54
54,Flevoland,NL,Western Europe,14.63,34300.00,4.60,81.70,126.49,24.00,35.00,292.50,15.80,92.00,1.00,-1.53
55,Franche-Comté,FR,Western Europe,30.19,25500.00,7.00,81.60,307.48,54.00,33.80,72.60,16.06,78.00,-0.33,-0.66
56,Freiburg,DE,Western Europe,86.68,38100.00,3.00,82.20,367.93,34.00,33.60,244.90,13.50,91.40,1.74,-1.07
57,Friesland (NL),NL,Western Europe,21.00,32300.00,4.50,81.90,237.36,54.00,34.30,191.00,16.70,91.00,0.54,-1.32
58,Friuli-Venezia Giulia,IT,Southern Europe,36.88,30600.00,5.70,82.80,404.61,39.00,21.40,159.90,13.80,82.00,0.29,-0.48
59,Galicia,ES,Southern Europe,59.11,21900.00,11.70,83.70,474.96,38.00,40.30,92.00,24.30,81.00,0.51,1.40
60,Gelderland,NL,Western Europe,82.04,39200.00,3.90,81.40,371.53,41.00,38.10,415.80,14.70,90.00,1.61,-0.88
61,Gießen,DE,Western Europe,36.12,34400.00,3.50,81.00,332.22,46.00,30.00,194.90,17.10,85.60,0.41,-1.04
62,Grad Zagreb,HR,Central and Eastern Europe,17.55,23400.00,5.50,81.64,367.57,75.20,34.18,110.68,17.90,80.00,-0.60,-0.69
63,Groningen,NL,Western Europe,23.24,39700.00,5.40,81.10,546.22,46.00,40.60,247.90,23.00,90.00,1.31,0.35
64,Guadeloupe,FR,Western Europe,9.29,22600.00,17.10,80.60,277.88,124.00,23.30,247.00,20.10,65.00,-3.37,0.48
65,Guyane,FR,Western Europe,4.35,15000.00,14.60,77.02,219.22,115.00,18.70,3.40,19.10,79.00,-3.31,-0.53
66,Hamburg,DE,Western Europe,119.14,64400.00,4.40,81.40,485.59,8.00,36.70,2597.50,23.70,92.80,3.48,1.15
67,Hannover,DE,Western Europe,84.49,39300.00,2.80,80.90,470.54,43.00,28.30,239.00,17.60,87.00,1.05,-0.59
68,Haute-Normandie ,FR,Western Europe,51.35,27600.00,7.60,81.10,274.59,35.00,31.80,151.20,17.34,73.00,-0.37,-0.44
69,Helsinki-Uusimaa,FI,Northern Europe,93.28,55000.00,7.70,82.30,514.28,27.00,54.90,184.70,10.10,95.00,3.68,-0.12
70,Hovedstaden,DK,Northern Europe,128.90,69700.00,5.70,81.50,500.65,15.00,53.10,756.00,17.50,95.00,4.16,0.21
71,Ile-de-France,FR,Western Europe,710.09,57400.00,8.00,82.70,386.90,20.00,54.30,1026.80,14.16,83.00,5.50,0.38
72,Illes Balears,ES,Southern Europe,26.79,22000.00,14.80,83.90,366.83,31.00,34.80,241.20,15.10,89.00,0.87,0.90
73,Jadranska Hrvatska,HR,Central and Eastern Europe,15.41,11500.00,9.50,79.30,327.82,71.00,26.40,56.00,22.00,78.00,-1.88,-0.11
74,Jihovýchod,CZ,Central and Eastern Europe,31.79,18700.00,2.40,78.80,430.81,58.00,27.70,124.00,12.50,80.00,-0.57,-1.27
75,Jihozápad,CZ,Central and Eastern Europe,20.98,17000.00,2.40,78.60,377.68,62.00,19.80,71.80,9.60,80.00,-1.06,-1.72
76,Karlsruhe,DE,Western Europe,123.72,44000.00,3.30,81.80,421.38,33.00,34.50,409.30,14.50,86.00,1.85,-0.68
77,Kassel,DE,Western Europe,44.27,36300.00,2.90,80.90,318.66,41.00,28.10,147.50,15.30,89.00,0.73,-1.32
78,Koblenz,DE,Western Europe,50.57,33700.00,2.90,81.00,321.70,35.00,27.30,186.70,19.80,85.40,0.42,-0.91
79,Kujawsko-pomorskie,PL,Central and Eastern Europe,23.03,11100.00,4.40,76.30,451.80,65.00,26.60,116.80,23.20,76.40,-1.87,-0.41
80,Kärnten,AT,Western Europe,20.70,36900.00,5.60,81.40,485.10,62.00,32.10,59.90,14.24,75.00,-0.03,-0.42
81,Köln,DE,Western Europe,193.31,43200.00,4.00,81.30,434.01,21.00,32.20,613.40,19.70,85.60,2.01,-0.06
82,Közép-Dunántúl,HU,Central and Eastern Europe,13.46,12700.00,2.10,75.40,244.93,73.00,22.10,99.10,13.50,80.00,-2.04,-2.28
83,La Rioja,ES,Southern Europe,8.13,25700.00,11.50,82.50,349.48,51.00,38.50,62.60,15.20,82.00,0.14,0.11
84,La Réunion ,FR,Western Europe,19.15,22100.00,17.90,81.90,337.69,50.00,22.90,345.70,23.62,61.00,-2.16,1.76
85,Languedoc-Roussillon,FR,Western Europe,74.01,25600.00,11.40,82.70,365.77,48.00,41.00,104.40,16.06,73.00,0.08,0.37
86,Latvija,LV,Northern Europe,29.47,15500.00,7.60,75.50,326.73,73.00,37.80,30.20,20.94,84.00,-1.32,-0.78
87,Lazio,IT,Southern Europe,186.30,32400.00,10.00,83.10,473.79,45.00,27.00,343.00,24.80,83.00,0.81,1.14
88,Leipzig,DE,Western Europe,34.97,33300.00,4.50,80.80,321.70,39.00,37.00,268.40,20.20,85.40,0.59,-0.66
89,Liguria,IT,Southern Europe,46.09,30300.00,8.40,81.90,462.36,39.00,21.80,284.30,17.60,84.00,0.27,0.32
90,Limburg (NL),NL,Western Europe,45.19,40500.00,3.80,80.90,354.09,47.00,34.60,517.70,15.30,88.00,1.06,-0.96
91,Limousin,FR,Western Europe,18.08,24800.00,6.30,82.50,337.16,47.00,33.80,42.90,18.50,76.00,-0.32,-0.38
92,Lombardia,IT,Southern Europe,365.51,36500.00,5.90,81.40,372.88,32.00,21.70,435.80,16.20,82.00,1.67,-0.29
93,Lorraine,FR,Western Europe,56.55,24300.00,8.50,81.00,302.64,38.00,32.50,98.60,18.80,77.00,-0.29,-0.19
94,Lubelskie,PL,Central and Eastern Europe,19.56,9300.00,5.20,76.50,291.40,75.00,33.40,84.00,28.80,72.00,-2.59,-0.55
95,Lubuskie,PL,Central and Eastern Europe,11.23,11100.00,8.90,75.80,451.80,76.00,27.90,72.60,14.50,76.40,-1.91,-0.46
96,Luxembourg,LU,Western Europe,64.22,101800.00,5.30,82.20,485.59,42.00,47.10,239.80,19.08,94.00,3.95,-0.32
97,Länsi-Suomi,FI,Northern Europe,52.23,37900.00,7.70,82.30,367.93,49.00,45.90,23.70,15.44,93.00,1.69,-0.49
98,Lüneburg,DE,Western Europe,49.23,28600.00,3.00,81.00,403.17,51.00,26.90,111.40,16.20,81.40,0.01,-0.91
99,Malta,MT,Southern Europe,13.07,25300.00,3.50,82.30,439.16,23.00,30.60,1595.10,16.30,84.00,1.05,0.17
100,Marche,IT,Southern Europe,39.66,26300.00,7.10,83.20,382.59,46.00,21.20,161.90,19.10,80.00,-0.28,-0.02
101,Martinique ,FR,Western Europe,8.86,24600.00,12.80,81.90,305.98,78.00,27.10,328.60,18.50,68.00,-1.82,0.32
102,Mayotte,FR,Western Europe,2.76,9700.00,4.70,73.30,81.01,36.00,24.08,750.80,23.14,75.40,-2.52,-1.47
103,Mazowiecki regionalny,PL,Central and Eastern Europe,27.11,11600.00,3.80,75.30,450.65,123.00,26.50,79.50,21.30,77.00,-2.86,-1.14
104,Małopolskie,PL,Central and Eastern Europe,42.61,12500.00,3.20,77.60,468.82,47.00,33.80,224.00,18.50,78.00,-0.67,-0.54
105,Mecklenburg-Vorpommern,DE,Western Europe,46.59,28900.00,3.80,80.40,379.08,44.00,27.30,71.30,23.20,80.80,-0.28,-0.46
106,Mellersta Norrland,SE,Northern Europe,14.52,38600.00,6.30,81.40,380.37,48.00,37.00,5.30,23.60,92.00,0.82,-0.21
107,Midi-Pyrénées,FR,Western Europe,94.73,30400.00,6.10,83.60,342.55,48.00,43.30,67.80,18.52,77.00,0.70,-0.30
108,Midtjylland,DK,Northern Europe,65.33,49200.00,4.80,82.10,407.93,32.00,38.90,103.70,16.30,96.00,2.36,-0.63
109,Mittelfranken,DE,Western Europe,79.56,44800.00,3.60,80.90,429.98,29.00,33.80,245.70,18.40,84.40,1.38,-0.46
110,Molise,IT,Southern Europe,6.09,20500.00,10.90,82.40,415.35,83.00,18.50,68.20,38.10,72.00,-2.61,1.53
111,Moravskoslezsko,CZ,Central and Eastern Europe,18.78,15700.00,4.60,76.80,375.90,36.00,21.10,226.20,14.90,84.00,-0.79,-0.98
112,Münster,DE,Western Europe,89.38,34100.00,3.40,80.90,368.45,26.00,26.60,380.10,18.40,84.00,0.79,-0.60
113,Niederbayern,DE,Western Europe,48.48,38900.00,1.80,80.80,474.34,54.00,24.40,121.00,16.82,87.80,0.62,-0.93
114,Niederösterreich,AT,Western Europe,59.52,35300.00,5.10,81.30,471.11,53.00,33.00,88.90,16.86,84.00,0.67,-0.38
115,Noord-Brabant,NL,Western Europe,120.73,47000.00,3.20,81.10,265.28,39.00,41.10,514.80,13.90,91.00,2.04,-1.41
116,Noord-Holland,NL,Western Europe,171.05,59300.00,4.50,81.70,487.96,30.00,49.90,1041.20,17.00,93.00,3.64,0.05
117,Nord-Est,RO,Central and Eastern Europe,22.81,7200.00,6.80,73.30,255.50,98.00,11.80,87.50,47.10,64.00,-5.44,0.33
118,Nord-Pas de Calais,FR,Western Europe,113.78,27900.00,8.80,80.40,319.98,23.00,32.10,327.40,19.02,76.00,0.23,0.10
119,Nord-Vest,RO,Central and Eastern Europe,26.90,10600.00,3.10,74.10,335.01,80.00,20.10,75.00,19.30,75.00,-2.75,-1.54
120,Nordjylland,DK,Northern Europe,26.33,44600.00,5.00,81.80,346.36,29.00,32.00,76.40,17.70,93.00,1.48,-0.72
121,Norra Mellansverige,SE,Northern Europe,31.23,36400.00,9.70,82.20,359.02,31.00,35.30,13.50,18.30,91.00,1.17,0.07
122,Norte,PT,Southern Europe,60.33,16900.00,6.60,81.30,531.76,39.00,24.90,169.30,23.20,70.00,-0.85,0.79
123,Northern and Western,IE,Western Europe,26.43,30100.00,5.10,82.90,395.42,38.00,46.40,35.00,25.40,97.00,1.61,-0.01
124,Nyugat-Dunántúl,HU,Central and Eastern Europe,13.28,13300.00,2.20,76.00,283.58,49.00,25.00,88.60,16.30,82.00,-1.35,-1.75
125,Oberbayern,DE,Western Europe,273.50,58000.00,2.70,82.40,489.81,36.00,41.80,273.40,14.80,91.20,3.54,-0.59
126,Oberfranken,DE,Western Europe,40.74,38300.00,3.30,80.70,424.78,32.00,27.70,147.80,18.70,91.60,1.10,-0.64
127,Oberpfalz,DE,Western Europe,46.41,41700.00,2.50,80.70,434.17,42.00,29.70,115.20,17.42,88.20,1.01,-0.87
128,Oberösterreich,AT,Western Europe,65.24,43700.00,3.80,81.70,426.53,45.00,31.10,126.80,15.80,81.00,0.87,-0.70
129,Opolskie,PL,Central and Eastern Europe,10.53,10700.00,2.80,76.60,438.38,69.00,27.60,101.40,17.00,78.00,-1.60,-1.10
130,Overijssel,NL,Western Europe,45.70,39300.00,3.80,81.20,265.13,40.00,37.70,344.90,15.80,90.00,1.21,-1.26
131,Panonska Hrvatska,HR,Central and Eastern Europe,9.17,7900.00,9.70,73.84,268.88,90.80,15.60,75.02,39.46,65.20,-4.85,0.39
132,Pays de la Loire,FR,Western Europe,116.15,30100.00,6.00,83.20,292.99,42.00,35.90,118.30,18.62,78.00,0.53,-0.47
133,País Vasco,ES,Southern Europe,66.56,30400.00,9.80,83.40,563.31,19.00,53.40,303.70,14.40,84.00,2.36,1.01
134,Pest,HU,Central and Eastern Europe,14.60,11200.00,3.00,76.00,258.85,56.00,30.70,205.10,19.10,86.00,-1.23,-1.58
135,Picardie,FR,Western Europe,47.85,24700.00,9.70,80.40,257.53,50.00,32.60,99.40,18.50,77.00,-0.69,-0.34
136,Piemonte,IT,Southern Europe,126.20,29400.00,7.30,81.60,370.31,42.00,19.80,172.30,16.70,80.00,0.05,-0.25
137,Podkarpackie,PL,Central and Eastern Europe,20.07,9400.00,4.80,77.50,291.40,63.00,29.60,117.80,22.30,72.00,-2.15,-0.85
138,Podlaskie,PL,Central and Eastern Europe,11.79,10000.00,3.20,77.10,319.78,68.00,31.40,57.50,20.80,76.80,-1.83,-1.20
139,Pohjois- ja Itä-Suomi,FI,Northern Europe,45.78,35900.00,7.80,81.50,330.98,48.00,42.00,6.30,19.00,91.00,1.07,-0.42
140,Poitou-Charentes,FR,Western Europe,50.04,27400.00,8.60,82.80,298.29,56.00,33.40,70.00,17.34,80.00,-0.10,-0.35
141,Pomorskie,PL,Central and Eastern Europe,30.46,13000.00,2.30,77.20,371.14,73.00,34.90,130.60,15.30,79.00,-1.16,-1.50
142,Praha,CZ,Central and Eastern Europe,58.04,43700.00,2.30,80.30,736.22,17.00,45.90,2714.30,7.90,88.00,3.54,0.84
143,Principado de Asturias,ES,Southern Europe,21.47,21100.00,12.50,82.20,398.31,22.00,44.20,96.60,24.60,85.00,0.66,1.23
144,Prov. Antwerpen,BE,Western Europe,88.19,47000.00,5.20,82.00,271.16,33.00,41.00,665.80,18.34,86.00,1.67,-0.63
145,Prov. Brabant Wallon,BE,Western Europe,22.20,54400.00,6.80,81.90,525.24,47.00,59.70,369.70,13.46,92.00,2.95,-0.08
146,Prov. Hainaut,BE,Western Europe,33.11,24500.00,10.30,78.00,253.30,57.00,32.40,354.80,18.50,77.00,-1.13,-0.39
147,Prov. Limburg (BE),BE,Western Europe,28.07,31800.00,3.40,82.30,256.65,47.00,37.70,367.50,15.54,87.00,0.76,-1.28
148,Prov. Liège,BE,Western Europe,30.96,27800.00,9.40,78.60,358.81,56.00,39.70,289.70,18.16,84.00,-0.07,-0.20
149,Prov. Luxembourg (BE),BE,Western Europe,6.95,23900.00,5.60,79.90,231.48,100.00,42.50,64.60,18.80,85.00,-0.95,-1.48
150,Prov. Namur,BE,Western Europe,13.18,26400.00,7.60,79.30,351.89,84.00,40.80,135.90,17.62,80.00,-0.76,-0.69
151,Prov. Oost-Vlaanderen,BE,Western Europe,54.76,35800.00,2.80,81.80,292.63,45.00,44.10,512.30,14.76,90.00,1.52,-1.27
152,Prov. Vlaams-Brabant,BE,Western Europe,49.71,42800.00,4.00,82.60,409.53,28.00,51.40,544.70,17.60,91.00,2.51,-0.33
153,Prov. West-Vlaanderen,BE,Western Europe,45.61,37900.00,3.60,81.90,262.07,42.00,38.70,380.80,14.80,89.00,1.24,-1.30
154,Provence-Alpes-Côte d’Azur,FR,Western Europe,161.29,31500.00,8.10,83.00,404.03,45.00,40.00,162.40,15.54,76.00,1.00,0.05
155,Provincia Autonoma di Bolzano/Bozen,IT,Southern Europe,23.72,44400.00,3.80,82.80,324.38,58.00,17.60,72.20,11.50,82.00,0.12,-1.43
156,Provincia Autonoma di Trento,IT,Southern Europe,20.04,36900.00,4.80,82.80,329.25,46.00,22.40,88.20,14.00,83.00,0.23,-0.99
157,Puglia,IT,Southern Europe,71.64,18200.00,14.60,82.70,384.75,40.00,15.30,206.80,37.40,70.00,-1.95,2.34
158,Região Autónoma da Madeira,PT,Southern Europe,4.46,17600.00,8.00,79.10,442.35,39.00,22.90,318.00,32.20,76.00,-1.53,1.05
159,Região Autónoma dos Açores,PT,Southern Europe,4.15,17100.00,7.20,77.90,354.58,70.00,15.80,105.30,36.70,71.00,-3.13,0.53
160,Región de Murcia,ES,Southern Europe,29.94,19800.00,14.30,82.40,452.19,26.00,32.80,132.40,31.90,87.00,0.07,2.11
161,Rheinhessen-Pfalz,DE,Western Europe,76.69,37200.00,4.40,81.20,362.71,23.00,32.70,303.20,16.50,86.40,1.30,-0.62
162,Rhône-Alpes,FR,Western Europe,231.70,34300.00,7.20,82.80,345.62,39.00,43.20,150.90,18.74,78.00,1.48,-0.07
163,Région de Bruxelles-Capitale/ Brussels Hoofdstedelijk Gewest,BE,Western Europe,83.85,68400.00,12.40,79.40,390.38,13.00,49.30,7526.70,18.40,89.00,4.26,3.39
164,Saarland,DE,Western Europe,33.95,34500.00,3.00,80.20,332.22,21.00,26.30,385.50,21.60,85.40,0.48,-0.63
165,Sachsen-Anhalt,DE,Western Europe,63.54,29000.00,4.40,79.70,408.93,56.00,22.60,108.70,18.60,82.00,-0.40,-0.69
166,Salzburg,AT,Western Europe,27.95,49900.00,4.60,82.20,581.16,50.00,32.50,78.90,15.56,81.00,1.18,-0.09
167,Sardegna,IT,Southern Europe,32.38,20200.00,13.50,82.80,482.15,59.00,17.70,68.30,28.10,80.00,-1.21,1.66
168,Schleswig-Holstein,DE,Western Europe,98.36,33800.00,3.40,81.20,321.70,37.00,26.90,188.20,20.80,85.40,0.54,-0.77
169,Schwaben,DE,Western Europe,74.76,39300.00,2.90,81.80,470.54,37.00,32.40,191.50,16.30,87.00,1.41,-0.57
170,Severovýchod,CZ,Central and Eastern Europe,25.46,16800.00,2.40,78.70,350.83,53.00,20.50,123.70,12.90,77.00,-1.17,-1.49
171,Severozápad,CZ,Central and Eastern Europe,15.20,13600.00,4.30,76.40,325.10,56.00,13.70,131.70,21.50,76.00,-2.34,-0.95
172,Sicilia,IT,Southern Europe,83.33,17200.00,18.70,81.90,441.16,33.00,14.90,192.10,48.70,70.00,-2.32,3.82
173,Sjeverna Hrvatska,HR,Central and Eastern Europe,8.06,10000.00,4.60,77.36,271.76,61.60,26.54,70.74,23.30,76.80,-2.10,-0.96
174,Sjælland,DK,Northern Europe,31.53,37600.00,5.00,80.60,364.26,26.00,30.40,118.30,12.30,94.00,1.45,-1.02
175,Småland med öarna,SE,Northern Europe,33.34,38200.00,7.50,82.50,382.98,23.00,37.20,26.20,16.40,90.00,1.59,-0.18
176,Sostinės regionas,LT,Northern Europe,21.14,25600.00,4.80,75.80,580.98,50.00,58.60,86.60,21.20,81.00,0.53,0.01
177,Southern,IE,Western Europe,160.27,97500.00,6.50,82.50,485.59,38.00,45.60,55.60,20.40,92.00,4.04,-0.03
178,Steiermark,AT,Western Europe,48.59,39000.00,4.30,81.10,521.32,42.00,31.10,76.60,15.04,75.00,0.49,-0.29
179,Stockholm,SE,Northern Europe,153.56,64400.00,8.20,82.30,458.82,5.00,53.70,361.80,14.80,94.00,4.22,0.26
180,Stredné Slovensko,SK,Central and Eastern Europe,17.92,13400.00,7.50,76.80,330.86,56.00,23.70,82.70,21.50,79.00,-1.81,-0.48
181,Stuttgart,DE,Western Europe,215.44,51900.00,3.10,82.30,437.56,24.00,34.70,393.30,13.30,91.60,3.06,-0.70
182,Střední Morava,CZ,Central and Eastern Europe,19.96,16500.00,2.20,77.80,380.58,40.00,22.30,133.20,12.90,81.00,-0.73,-1.40
183,Střední Čechy,CZ,Central and Eastern Europe,25.05,18000.00,2.50,78.50,265.17,62.00,24.20,128.50,9.60,79.00,-1.10,-2.09
184,Sud-Est,RO,Central and Eastern Europe,21.53,9100.00,6.00,73.70,219.85,95.00,13.10,70.90,40.10,64.00,-5.04,-0.31
185,Sud-Muntenia,RO,Central and Eastern Europe,24.95,8600.00,7.70,73.70,159.76,99.00,13.10,86.10,36.50,65.00,-5.07,-0.55
186,Sud-Vest Oltenia,RO,Central and Eastern Europe,16.92,8900.00,9.20,75.00,311.52,90.00,16.70,66.90,38.90,62.00,-4.67,0.55
187,Syddanmark,DK,Northern Europe,58.01,47400.00,4.40,81.80,408.18,43.00,33.50,102.00,16.60,94.00,1.73,-0.76
188,Sydsverige,SE,Northern Europe,61.75,40000.00,11.20,82.60,434.48,27.00,45.40,110.10,25.40,91.00,1.77,1.10
189,Thüringen,DE,Western Europe,62.22,29300.00,3.30,80.70,408.93,39.00,29.10,132.40,19.30,82.00,0.27,-0.58
190,Tirol,AT,Western Europe,33.45,44100.00,4.80,82.40,588.76,34.00,31.90,60.40,16.26,81.00,1.29,0.17
191,Toscana,IT,Southern Europe,111.31,30100.00,7.50,83.40,444.77,41.00,21.10,162.70,18.70,83.00,0.50,0.27
192,Trier,DE,Western Europe,16.30,30500.00,7.02,81.10,441.46,51.00,31.60,108.50,21.40,81.00,-0.11,0.11
193,Tübingen,DE,Western Europe,80.71,43300.00,2.90,82.50,434.01,33.00,32.20,214.20,14.10,85.60,1.63,-0.76
194,Umbria,IT,Southern Europe,21.45,24700.00,6.60,83.70,456.90,52.00,23.10,105.50,13.30,83.00,0.13,-0.23
195,Unterfranken,DE,Western Europe,53.07,40300.00,2.30,82.00,394.29,34.00,31.30,155.10,17.50,89.80,1.37,-0.88
196,Utrecht,NL,Western Europe,76.84,58100.00,4.00,81.80,590.14,25.00,55.70,934.60,15.60,93.00,3.77,0.26
197,Valle d’Aosta/Vallée d’Aoste,IT,Southern Europe,4.52,36300.00,7.30,81.40,366.99,0.00,18.90,38.60,8.10,84.00,0.93,-0.65
198,Veneto,IT,Southern Europe,151.91,31200.00,5.30,83.10,345.71,47.00,19.80,282.00,11.10,81.00,0.57,-0.87
199,Vest,RO,Central and Eastern Europe,20.72,11700.00,3.50,74.00,416.35,81.00,17.00,55.70,21.90,71.00,-3.08,-1.02
200,Vidurio ir vakarų Lietuvos regionas ,LT,Northern Europe,28.37,14400.00,8.20,74.80,405.84,68.00,37.80,37.20,28.30,76.00,-1.94,0.12
201,Vorarlberg,AT,Western Europe,18.21,45700.00,4.10,82.50,432.63,40.00,29.20,156.30,16.72,79.00,0.71,-0.47
202,Vzhodna Slovenija,SI,Central and Eastern Europe,20.39,18500.00,5.00,79.50,276.15,41.00,30.80,89.00,17.00,81.00,-0.57,-1.04
203,Västsverige,SE,Northern Europe,90.35,43800.00,8.40,82.70,420.85,17.00,43.40,70.10,19.20,93.00,2.47,0.31
204,Východné Slovensko,SK,Central and Eastern Europe,19.61,12000.00,10.90,76.60,347.60,27.00,26.60,103.90,21.20,78.00,-1.34,0.27
205,Warmińsko-mazurskie,PL,Central and Eastern Europe,13.61,9600.00,3.50,76.10,293.10,82.00,23.60,61.10,24.20,72.00,-2.94,-1.18
206,Warszawski stołeczny,PL,Central and Eastern Europe,92.91,30000.00,2.10,78.00,439.58,43.00,57.20,510.20,13.40,85.20,1.67,-1.05
207,Weser-Ems,DE,Western Europe,90.85,35800.00,3.40,80.80,330.98,50.00,25.00,169.80,17.10,89.20,0.58,-1.15
208,Wielkopolskie,PL,Central and Eastern Europe,52.16,14900.00,2.20,76.60,341.78,62.00,29.30,117.90,17.50,77.80,-1.31,-1.45
209,Wien,AT,Western Europe,96.59,50400.00,12.10,80.20,686.75,6.00,42.70,4808.90,16.70,86.00,3.63,3.47
210,Zachodniopomorskie,PL,Central and Eastern Europe,19.32,11400.00,3.50,76.20,432.90,60.00,29.60,76.60,17.10,77.60,-1.41,-0.98
211,Zahodna Slovenija,SI,Central and Eastern Europe,26.53,26500.00,4.50,81.80,381.57,35.00,41.60,126.90,11.50,89.00,1.32,-0.94
212,Zeeland,NL,Western Europe,13.99,36400.00,3.60,82.40,165.16,57.00,31.80,212.60,14.30,97.00,0.85,-1.92
213,Zuid-Holland,NL,Western Europe,168.99,45000.00,5.10,81.30,369.44,22.00,44.20,1292.20,19.40,92.00,2.78,0.04
214,Západné Slovensko,SK,Central and Eastern Europe,28.36,15600.00,4.70,77.10,277.43,57.00,22.40,123.00,11.30,79.00,-1.39,-1.68
215,Área Metropolitana de Lisboa,PT,Southern Europe,71.43,24900.00,6.80,81.40,652.83,33.00,38.00,1015.90,17.80,83.00,1.36,1.18
216,Åland,FI,Northern Europe,1.17,38900.00,4.96,83.30,474.34,0.00,41.60,19.20,16.82,87.80,2.23,0.07
217,Észak-Alföld,HU,Central and Eastern Europe,13.23,9200.00,7.10,74.80,326.17,46.00,19.20,83.10,24.20,76.00,-2.44,-0.41
218,Észak-Magyarország,HU,Central and Eastern Europe,10.56,9500.00,6.20,73.80,240.10,42.00,16.80,84.40,23.90,76.00,-2.70,-0.91
219,Östra Mellansverige,SE,Northern Europe,66.87,38600.00,9.80,82.30,449.97,22.00,42.80,44.70,18.70,92.00,2.05,0.53
220,Övre Norrland,SE,Northern Europe,23.81,45600.00,6.10,82.20,457.75,23.00,40.00,3.40,16.60,87.00,1.82,-0.12
221,Łódzkie,PL,Central and Eastern Europe,32.43,13200.00,4.40,75.30,387.17,90.00,30.20,135.20,16.50,79.00,-1.90,-1.34
222,Śląskie,PL,Central and Eastern Europe,60.97,13500.00,2.90,76.10,370.10,42.00,30.70,368.80,13.80,78.60,-0.70,-1.26
223,Świętokrzyskie,PL,Central and Eastern Europe,12.08,9800.00,4.40,76.10,320.79,79.00,31.90,105.10,20.70,75.40,-2.21,-1.15
224,Ήπειρος (Ipeiros),EL,Southern Europe,3.72,11200.00,15.10,83.80,666.61,75.00,31.60,36.80,27.60,76.40,-1.11,2.56
225,Βόρειο Αιγαίο (Voreio Aigaio),EL,Southern Europe,2.33,10100.00,13.90,82.60,320.01,52.00,29.30,59.30,35.50,76.80,-1.83,1.70
226,Δυτική Ελλάδα (Dytiki Ellada),EL,Southern Europe,7.40,11400.00,17.50,81.70,494.85,89.00,25.00,59.20,40.90,77.60,-2.60,2.83
227,Δυτική Μακεδονία (Dytiki Makedonia),EL,Southern Europe,3.32,12600.00,19.80,81.70,343.82,38.00,26.60,28.80,34.80,78.00,-1.72,2.58
228,Θεσσαλία (Thessalia),EL,Southern Europe,8.71,12200.00,16.70,81.50,531.19,56.00,30.30,51.40,28.00,78.60,-1.21,2.28
229,Ιόνια Νησιά (Ionia Nisia),EL,Southern Europe,2.81,13800.00,13.20,81.50,525.28,44.00,23.70,89.40,25.70,76.80,-1.17,1.72
230,Κεντρική Μακεδονία (Kentriki Makedonia),EL,Southern Europe,22.70,12100.00,16.10,80.50,613.53,55.00,32.20,101.20,31.70,78.60,-1.14,2.69
231,Κρήτη (Kriti),EL,Southern Europe,8.19,12800.00,16.30,82.60,610.65,44.00,28.00,76.50,31.60,79.00,-0.90,2.90
232,Κύπρος (Kypros),CY,Southern Europe,21.55,24200.00,7.50,82.40,427.23,54.00,44.90,95.70,18.80,89.00,0.84,0.00
233,Νότιο Αιγαίο (Notio Aigaio),EL,Southern Europe,5.45,15600.00,18.80,82.60,370.19,86.00,22.50,66.10,34.50,79.40,-2.35,2.20
234,Πελοπόννησος (Peloponnisos),EL,Southern Europe,7.65,13400.00,12.70,82.10,385.66,75.00,23.90,37.10,36.40,78.60,-2.17,1.58
235,Στερεά Ελλάδα (Sterea Ellada),EL,Southern Europe,8.38,15100.00,17.20,82.30,312.24,86.00,25.20,36.10,29.50,79.40,-2.18,1.42
236,Северен централен (Severen tsentralen),BG,Central and Eastern Europe,4.59,6000.00,6.70,72.80,333.20,81.00,26.50,53.10,35.90,70.00,-3.87,-0.04
237,Северозападен (Severozapaden),BG,Central and Eastern Europe,4.19,5800.00,11.10,72.10,448.70,98.00,20.70,39.00,41.30,62.00,-5.01,1.22
238,Североизточен (Severoiztochen),BG,Central and Eastern Europe,6.19,6700.00,6.10,73.50,397.76,72.00,23.30,63.70,34.70,71.00,-3.50,0.14
239,Югозападен (Yugozapaden),BG,Central and Eastern Europe,31.01,14800.00,3.50,74.50,444.85,45.00,43.40,103.70,22.70,71.00,-1.21,-0.50
240,Югоизточен (Yugoiztochen),BG,Central and Eastern Europe,6.36,6200.00,5.60,73.30,341.89,88.00,22.90,52.50,36.60,65.00,-4.32,-0.10
241,Южен централен (Yuzhen tsentralen),BG,Central and Eastern Europe,8.99,6400.00,4.00,73.90,403.78,55.00,21.90,63.70,37.70,63.00,-3.70,0.29
