,region_name,Country,EU Region,GDP,GDP per Capita,Unemployment %,Life Expectancy,Doctors per 100K,Heart Disease Deaths per 100K,Cancer Deaths per 100K,Fatal Road Accidents per Million,Tertiary Educational Attainment %,Population Density,People at Risk of Poverty %,Regular Internet Users %,pc_1,pc_2
0,Région de Bruxelles-Capitale/ Brussels Hoofdstedelijk Gewest,BE,Western Europe,97.61,78700.00,11.40,81.60,399.54,51.30,210.99,20.00,53.50,7660.00,38.80,89.91,4.12,2.26
1,Prov. Antwerpen,BE,Western Europe,109.40,57500.00,4.00,82.80,278.84,45.29,208.76,34.00,47.10,678.80,14.00,90.24,2.72,-0.26
2,Prov. Limburg (BE),BE,Western Europe,34.91,39100.00,3.50,82.80,267.07,41.98,205.30,56.00,43.70,373.80,11.50,90.62,1.64,-0.16
3,Prov. Oost-Vlaanderen,BE,Western Europe,71.18,45800.00,2.00,82.60,304.81,45.68,215.82,39.00,49.60,523.40,10.10,88.97,2.30,-0.74
4,Prov. Vlaams-Brabant,BE,Western Europe,64.45,54600.00,3.60,83.20,414.90,44.40,204.79,33.00,51.60,558.70,9.50,90.43,3.07,-0.43
5,Prov. West-Vlaanderen,BE,Western Europe,57.11,47000.00,2.70,82.70,267.59,45.57,208.92,56.00,39.80,386.20,9.40,89.00,1.68,-0.39
6,Prov. Brabant Wallon,BE,Western Europe,24.37,59100.00,5.50,82.80,553.74,48.16,207.93,37.00,60.70,375.80,22.50,93.27,3.22,0.25
7,Prov. Hainaut,BE,Western Europe,40.02,29500.00,10.50,79.20,262.92,71.42,252.49,54.00,34.20,357.30,30.20,85.97,-0.63,0.76
8,Prov. Liège,BE,Western Europe,39.11,34900.00,8.30,80.00,375.53,61.63,245.09,53.00,41.50,291.60,24.20,85.45,0.25,0.36
9,Prov. Luxembourg (BE),BE,Western Europe,8.91,30100.00,4.80,80.20,235.79,57.55,250.72,102.00,42.10,66.40,22.50,81.71,-1.07,0.17
10,Prov. Namur,BE,Western Europe,16.31,32300.00,7.20,80.30,360.38,68.45,239.15,113.00,43.30,137.80,22.20,85.21,-0.64,0.61
11,Северозападен (Severozapaden),BG,Central and Eastern Europe,5.98,8800.00,6.80,72.30,477.49,188.06,251.45,115.00,18.80,35.90,41.40,70.85,-4.91,0.95
12,Северен централен (Severen tsentralen),BG,Central and Eastern Europe,6.13,8900.00,5.80,73.20,348.61,182.58,230.40,117.00,26.30,47.10,37.50,73.29,-4.31,0.86
13,Североизточен (Severoiztochen),BG,Central and Eastern Europe,8.49,10300.00,5.30,74.10,414.88,196.49,249.85,66.00,28.70,56.70,28.70,75.91,-2.99,-0.35
14,Югоизточен (Yugoiztochen),BG,Central and Eastern Europe,11.76,12400.00,4.40,73.70,366.68,259.04,217.24,93.00,21.80,48.50,35.20,71.57,-4.08,0.45
15,Югозападен (Yugozapaden),BG,Central and Eastern Europe,41.87,20800.00,3.10,75.20,474.15,127.33,212.59,57.00,43.20,99.70,22.20,82.06,-0.71,-0.44
16,Южен централен (Yuzhen tsentralen),BG,Central and Eastern Europe,11.86,9100.00,2.90,74.60,424.24,380.90,239.35,65.00,22.80,58.90,39.70,68.53,-4.27,-0.28
17,Praha,CZ,Central and Eastern Europe,79.46,59400.00,1.60,80.70,756.63,238.49,246.08,15.00,51.50,2714.20,8.90,94.81,3.53,-2.25
18,Střední Čechy,CZ,Central and Eastern Europe,33.94,23800.00,1.20,79.30,290.42,260.26,271.05,60.00,24.90,131.80,8.70,83.74,-1.35,-2.29
19,Jihozápad,CZ,Central and Eastern Europe,27.69,22200.00,1.70,79.20,398.80,179.58,267.10,83.00,21.70,72.10,10.90,80.39,-1.74,-1.40
20,Severozápad,CZ,Central and Eastern Europe,20.34,18500.00,3.30,77.20,352.28,283.45,297.20,54.00,15.60,129.10,17.20,81.78,-2.57,-2.12
21,Severovýchod,CZ,Central and Eastern Europe,32.37,21200.00,2.20,79.30,383.44,233.57,253.04,55.00,22.90,123.60,11.40,78.88,-1.47,-1.45
22,Jihovýchod,CZ,Central and Eastern Europe,42.67,24800.00,1.70,79.50,448.81,241.51,246.22,52.00,27.20,124.80,11.70,84.19,-0.66,-1.62
23,Střední Morava,CZ,Central and Eastern Europe,25.72,21300.00,2.80,79.00,415.58,224.78,250.26,40.00,24.00,132.00,11.40,83.01,-0.92,-1.56
24,Moravskoslezsko,CZ,Central and Eastern Europe,24.78,20900.00,4.00,77.50,398.45,263.13,266.45,42.00,22.40,222.80,15.50,87.77,-1.27,-1.86
25,Hovedstaden,DK,Northern Europe,173.22,92100.00,4.70,81.60,520.90,49.09,252.95,13.00,53.10,772.00,18.10,95.18,4.36,-1.18
26,Sjælland,DK,Northern Europe,35.51,41900.00,3.90,80.60,382.45,67.39,287.20,38.00,32.90,119.60,14.80,92.98,0.84,-1.58
27,Syddanmark,DK,Northern Europe,65.96,53500.00,4.50,81.30,413.17,60.96,272.04,32.00,34.70,102.80,18.60,92.36,1.49,-1.06
28,Midtjylland,DK,Northern Europe,73.32,54300.00,4.10,81.80,413.17,60.85,262.63,31.00,41.30,105.80,16.70,93.21,2.02,-1.12
29,Nordjylland,DK,Northern Europe,28.60,48200.00,4.80,80.70,295.63,59.29,271.19,29.00,34.80,76.90,15.10,92.62,1.13,-1.31
30,Stuttgart,DE,Western Europe,246.74,59100.00,2.80,82.00,487.85,112.52,205.18,21.00,35.90,393.10,16.20,89.42,2.92,-0.47
31,Karlsruhe,DE,Western Europe,144.42,51000.00,3.20,81.60,421.69,124.51,219.45,29.00,35.90,411.40,18.10,88.65,1.87,-0.54
32,Freiburg,DE,Western Europe,100.98,43800.00,2.30,82.00,400.92,103.61,212.09,45.00,33.10,247.80,17.30,86.42,1.22,-0.24
33,Tübingen,DE,Western Europe,94.43,50000.00,2.20,82.10,392.23,110.76,204.50,42.00,34.80,216.70,16.60,88.58,1.63,-0.33
34,Oberbayern,DE,Western Europe,328.55,68900.00,2.30,82.30,551.74,101.82,209.92,34.00,42.30,274.50,14.30,90.82,3.72,-0.69
35,Niederbayern,DE,Western Europe,60.34,47700.00,4.36,80.90,295.63,119.67,225.63,54.00,27.20,121.80,14.90,90.18,0.63,-0.56
36,Oberpfalz,DE,Western Europe,55.80,49600.00,3.98,80.50,392.23,130.95,233.25,37.00,30.60,115.30,14.60,88.58,0.94,-0.89
37,Oberfranken,DE,Western Europe,46.68,43700.00,3.00,80.00,400.92,159.98,236.28,47.00,27.50,146.40,15.40,86.42,0.21,-0.97
38,Mittelfranken,DE,Western Europe,92.09,51400.00,3.00,80.80,421.69,131.65,229.79,34.00,33.50,246.70,19.60,88.77,1.28,-0.71
39,Unterfranken,DE,Western Europe,61.10,46000.00,2.20,81.40,353.00,127.57,213.82,42.00,29.90,154.90,18.30,88.26,0.90,-0.47
40,Schwaben,DE,Western Europe,85.67,44300.00,2.40,81.50,408.41,117.18,215.42,43.00,29.80,193.30,16.90,88.06,1.07,-0.43
41,Berlin,DE,Western Europe,183.29,49300.00,4.90,80.90,392.23,125.37,243.35,9.00,48.30,4320.50,22.10,92.32,3.21,-0.56
42,Brandenburg,DE,Western Europe,89.69,35100.00,3.40,80.30,395.51,145.50,246.97,44.00,29.60,87.60,17.70,82.91,-0.02,-0.78
43,Bremen,DE,Western Europe,37.99,55800.00,5.50,79.20,377.53,131.49,250.98,15.00,30.80,1754.80,32.40,90.07,0.95,-0.26
44,Hamburg,DE,Western Europe,151.48,80900.00,4.10,80.80,520.90,92.57,249.75,13.00,37.90,2596.20,26.30,92.32,3.23,-0.55
45,Darmstadt,DE,Western Europe,237.94,58600.00,4.00,81.30,487.85,120.17,227.96,28.00,34.40,542.80,22.60,88.40,2.23,-0.33
46,Gießen,DE,Western Europe,41.88,39500.00,2.70,80.30,382.94,146.03,239.24,39.00,31.10,194.20,24.60,88.29,0.28,-0.63
47,Kassel,DE,Western Europe,52.67,42900.00,2.50,80.40,349.00,137.12,229.37,45.00,25.70,146.20,27.50,90.53,0.24,-0.32
48,Mecklenburg-Vorpommern,DE,Western Europe,56.01,34600.00,3.90,79.60,393.84,166.76,269.29,52.00,25.40,70.60,23.60,81.65,-0.96,-0.77
49,Braunschweig,DE,Western Europe,80.69,50400.00,3.20,80.00,392.23,138.19,247.65,43.00,32.70,196.70,23.40,88.58,0.64,-0.81
50,Hannover,DE,Western Europe,95.05,43900.00,3.20,80.10,400.92,130.52,245.16,37.00,30.30,237.30,25.40,86.42,0.43,-0.54
51,Lüneburg,DE,Western Europe,59.30,34000.00,2.60,80.20,393.02,133.06,247.00,54.00,27.60,112.00,19.50,79.73,-0.58,-0.56
52,Weser-Ems,DE,Western Europe,111.19,43200.00,2.70,80.30,349.00,138.84,241.22,50.00,27.80,171.60,24.20,90.32,0.42,-0.65
53,Düsseldorf,DE,Western Europe,249.63,47700.00,3.90,79.90,340.98,102.84,256.53,24.00,28.50,1007.80,28.90,90.18,1.35,-0.52
54,Köln,DE,Western Europe,219.53,48800.00,3.30,80.90,350.01,107.43,241.91,22.00,34.20,612.50,23.30,91.33,1.89,-0.73
55,Münster,DE,Western Europe,104.88,39600.00,3.50,80.20,408.11,103.27,251.62,30.00,27.20,381.80,23.60,88.57,0.62,-0.62
56,Detmold,DE,Western Europe,91.43,44100.00,2.70,80.60,400.92,103.89,235.43,35.00,26.50,317.60,20.20,86.42,0.68,-0.53
57,Arnsberg,DE,Western Europe,146.07,40800.00,3.90,79.70,414.91,104.12,260.40,22.00,26.20,447.40,27.80,85.21,0.44,-0.48
58,Koblenz,DE,Western Europe,58.97,39000.00,2.80,80.30,382.94,144.29,247.28,31.00,26.00,188.70,23.50,88.29,0.24,-0.79
59,Trier,DE,Western Europe,18.84,34800.00,6.40,80.60,405.56,126.66,252.19,56.00,29.90,108.30,11.80,82.76,-0.25,-0.59
60,Rheinhessen-Pfalz,DE,Western Europe,97.85,47100.00,3.60,80.80,295.63,125.86,234.38,30.00,32.30,303.70,16.70,89.94,1.16,-0.92
61,Saarland,DE,Western Europe,39.66,40200.00,3.70,79.20,403.22,144.81,256.25,31.00,26.50,388.70,22.70,86.64,-0.03,-0.90
62,Dresden,DE,Western Europe,59.92,37700.00,3.40,81.50,359.27,130.33,221.70,30.00,34.30,204.10,15.50,88.36,1.07,-0.66
63,Chemnitz,DE,Western Europe,47.17,33500.00,2.40,80.30,380.54,175.01,234.65,29.00,25.10,215.00,18.90,81.24,-0.26,-0.76
64,Leipzig,DE,Western Europe,41.47,38900.00,3.50,80.60,356.91,163.97,240.06,29.00,35.80,272.10,21.20,88.75,0.64,-0.89
65,Sachsen-Anhalt,DE,Western Europe,75.81,34800.00,4.00,78.80,405.56,169.59,269.35,70.00,25.20,106.70,25.30,82.76,-1.23,-0.66
66,Schleswig-Holstein,DE,Western Europe,116.01,39500.00,2.90,80.40,382.94,115.24,258.24,35.00,26.30,190.20,20.00,88.29,0.50,-0.99
67,Thüringen,DE,Western Europe,72.64,34300.00,3.00,79.80,338.19,140.95,234.50,40.00,27.80,130.90,21.00,79.69,-0.43,-0.44
68,Eesti,EE,Northern Europe,36.44,27400.00,5.60,78.10,401.42,154.46,259.17,35.00,42.10,31.30,24.40,86.71,-0.18,-0.88
69,Northern and Western,IE,Western Europe,39.48,43200.00,4.00,82.50,349.00,123.87,246.10,47.00,49.60,36.70,25.70,88.47,1.11,-0.40
70,Southern,IE,Western Europe,194.93,113300.00,4.30,82.00,520.90,126.90,254.48,40.00,50.50,58.60,21.00,84.44,3.40,-0.99
71,Eastern and Midland,IE,Western Europe,286.53,111700.00,4.70,83.00,520.90,101.98,249.18,19.00,57.00,179.90,16.50,93.32,5.16,-1.36
72,Aττική (Attiki),EL,Southern Europe,99.98,27000.00,10.00,80.90,826.99,121.37,246.08,42.00,45.60,1003.40,21.80,81.95,1.16,0.62
73,Βόρειο Αιγαίο (Voreio Aigaio),EL,Southern Europe,2.72,12000.00,11.50,82.30,401.80,79.62,211.38,97.00,26.70,51.30,27.80,77.16,-1.72,2.46
74,Νότιο Αιγαίο (Notio Aigaio),EL,Southern Europe,6.62,19200.00,10.70,81.70,388.72,93.78,217.15,131.00,28.60,62.50,22.60,78.29,-1.95,2.03
75,Κρήτη (Kriti),EL,Southern Europe,10.48,16600.00,12.10,81.70,632.31,73.06,227.76,71.00,28.90,75.00,17.80,81.40,-0.45,1.49
76,"Aνατολική Μακεδονία, Θράκη (Anatoliki Makedonia, Thraki)",EL,Southern Europe,7.66,13000.00,14.70,79.90,565.43,126.85,239.62,73.00,27.60,40.00,32.30,79.93,-1.69,2.05
77,Κεντρική Μακεδονία (Kentriki Makedonia),EL,Southern Europe,29.05,15800.00,14.70,80.20,683.73,103.81,248.28,50.00,33.10,96.60,30.40,81.80,-0.62,1.71
78,Δυτική Μακεδονία (Dytiki Makedonia),EL,Southern Europe,4.28,16500.00,17.70,81.40,314.43,95.39,230.42,55.00,27.60,27.30,29.80,82.56,-1.18,2.36
79,Ήπειρος (Ipeiros),EL,Southern Europe,4.15,12700.00,13.30,82.70,769.16,82.56,210.45,60.00,30.90,35.10,19.70,79.93,-0.05,2.10
80,Θεσσαλία (Thessalia),EL,Southern Europe,10.47,14900.00,16.40,81.10,591.29,85.96,229.37,52.00,33.50,49.10,24.20,83.27,-0.34,1.97
81,Ιόνια Νησιά (Ionia Nisia),EL,Southern Europe,3.39,16900.00,12.90,80.50,532.66,91.90,232.73,127.00,18.50,89.30,31.80,81.40,-2.41,2.49
82,Δυτική Ελλάδα (Dytiki Ellada),EL,Southern Europe,9.14,14300.00,12.60,80.30,511.24,86.06,237.19,93.00,25.40,58.40,37.20,82.02,-1.88,2.33
83,Στερεά Ελλάδα (Sterea Ellada),EL,Southern Europe,10.07,18400.00,13.80,80.70,357.19,123.85,214.31,112.00,22.70,32.80,31.80,81.77,-2.18,2.52
84,Πελοπόννησος (Peloponnisos),EL,Southern Europe,9.83,17400.00,12.60,80.80,409.17,97.99,218.82,87.00,26.50,34.70,36.90,79.68,-1.82,2.56
85,Galicia,ES,Southern Europe,71.37,26500.00,11.00,83.40,425.35,50.62,220.33,46.00,42.20,91.80,23.60,81.68,0.76,1.55
86,Principado de Asturias,ES,Southern Europe,26.48,26400.00,12.50,82.50,513.44,64.16,242.31,34.00,43.30,95.20,25.30,83.84,0.71,1.23
87,Cantabria,ES,Southern Europe,15.54,26500.00,9.60,83.10,608.14,43.61,225.35,36.00,45.30,111.40,19.50,84.24,1.32,0.99
88,País Vasco,ES,Southern Europe,80.48,36400.00,8.90,83.60,521.94,41.54,223.44,25.00,55.00,307.50,15.70,88.17,2.63,0.42
89,Comunidad Foral de Navarra,ES,Southern Europe,23.21,34700.00,9.70,83.90,540.67,41.74,214.70,56.00,48.30,64.60,14.50,88.27,1.82,0.90
90,La Rioja,ES,Southern Europe,9.71,30300.00,9.60,83.20,365.72,53.41,214.16,38.00,41.80,63.80,20.90,84.39,0.91,1.11
91,Aragón,ES,Southern Europe,43.45,32600.00,9.60,83.00,537.16,48.26,223.61,61.00,42.50,28.10,19.10,87.84,1.20,0.99
92,Comunidad de Madrid,ES,Southern Europe,267.58,39200.00,11.20,85.20,510.13,42.03,187.13,18.00,49.80,853.90,20.30,90.15,3.81,1.64
93,Castilla y León,ES,Southern Europe,65.12,27400.00,9.90,83.80,373.83,47.98,214.39,75.00,39.80,25.40,22.10,84.46,0.50,1.58
94,Castilla-La Mancha,ES,Southern Europe,49.68,24000.00,14.60,83.40,328.93,50.24,208.02,47.00,31.40,26.20,31.60,84.25,0.09,2.61
95,Extremadura,ES,Southern Europe,23.14,21900.00,17.30,82.50,461.75,59.49,228.46,39.00,31.80,25.80,36.90,82.73,-0.27,2.85
96,Cataluña,ES,Southern Europe,258.69,33000.00,10.00,83.70,381.17,45.35,206.09,34.00,43.60,245.00,20.40,88.34,2.42,1.18
97,Comunitat Valenciana ,ES,Southern Europe,127.59,24700.00,13.30,82.60,390.02,60.86,221.01,34.00,37.20,223.10,27.50,88.69,1.06,1.66
98,Illes Balears,ES,Southern Europe,37.16,31000.00,10.60,83.20,536.75,51.31,211.35,31.00,33.80,241.00,21.50,91.56,1.58,1.23
99,Andalucía,ES,Southern Europe,183.64,21500.00,19.10,82.00,384.65,70.19,220.01,39.00,35.00,98.50,35.80,86.69,0.50,2.86
100,Región de Murcia,ES,Southern Europe,37.49,24300.00,13.60,82.10,336.09,60.47,222.62,39.00,30.90,136.30,31.00,85.70,-0.01,1.97
101,Ciudad de Ceuta,ES,Southern Europe,1.76,21300.00,30.00,80.40,523.06,101.44,211.93,12.00,21.10,4152.70,40.70,88.76,0.33,4.70
102,Ciudad de Melilla,ES,Southern Europe,1.65,19500.00,25.90,81.70,428.97,96.56,196.50,48.00,34.00,6086.60,41.30,92.47,1.00,4.76
103,Canarias,ES,Southern Europe,48.55,22100.00,17.60,82.30,522.48,78.88,215.04,30.00,36.60,296.30,36.20,84.77,0.41,2.84
104,Ile-de-France,FR,Western Europe,784.65,63400.00,7.60,84.10,356.91,33.57,198.12,23.00,55.00,1037.00,20.80,86.63,5.67,0.86
105,Centre — Val de Loire,FR,Western Europe,81.75,31700.00,6.40,81.90,242.19,45.40,236.19,61.00,34.90,65.80,19.60,77.34,-0.27,0.58
106,Bourgogne,FR,Western Europe,53.09,32800.00,6.70,81.70,283.94,43.30,230.63,85.00,34.50,51.40,20.00,74.32,-0.84,0.99
107,Franche-Comté,FR,Western Europe,34.97,29600.00,5.90,82.10,287.17,41.37,219.35,64.00,36.80,72.80,19.20,71.82,-0.58,1.00
108,Basse-Normandie ,FR,Western Europe,46.14,31300.00,6.20,81.30,295.02,47.11,243.38,61.00,33.80,83.30,19.10,78.66,-0.40,0.35
109,Haute-Normandie ,FR,Western Europe,63.27,34100.00,7.90,81.00,262.42,48.88,251.76,56.00,35.40,152.00,21.50,78.50,-0.38,0.46
110,Nord-Pas de Calais,FR,Western Europe,132.07,32400.00,8.70,80.50,302.47,46.93,262.47,42.00,34.60,328.30,25.50,82.59,0.10,0.38
111,Picardie,FR,Western Europe,57.60,30000.00,9.10,80.90,241.33,44.55,236.53,51.00,31.80,99.00,22.20,77.52,-0.58,0.92
112,Alsace,FR,Western Europe,68.83,35700.00,6.70,82.30,347.96,46.82,227.15,32.00,40.50,233.10,19.20,84.01,1.13,0.36
113,Champagne-Ardenne,FR,Western Europe,46.55,35400.00,8.00,81.40,275.75,41.92,232.69,63.00,28.90,51.30,23.00,75.14,-0.78,1.12
114,Lorraine,FR,Western Europe,65.37,28100.00,6.90,81.20,285.88,42.42,242.24,52.00,30.30,98.70,21.60,79.15,-0.45,0.57
115,Pays de la Loire,FR,Western Europe,134.80,34700.00,6.10,82.70,282.25,39.33,230.34,52.00,40.00,120.80,17.10,83.53,0.99,0.31
116,Bretagne,FR,Western Europe,112.20,32800.00,5.90,81.90,320.87,45.16,233.10,53.00,42.10,125.30,17.30,81.34,0.70,0.23
117,Aquitaine,FR,Western Europe,120.21,33900.00,6.90,82.60,356.52,36.70,225.02,64.00,41.20,86.20,19.60,83.71,0.87,0.73
118,Limousin,FR,Western Europe,21.07,29000.00,6.80,82.00,314.10,41.12,228.71,50.00,35.90,42.90,22.20,79.42,-0.11,0.81
119,Poitou-Charentes,FR,Western Europe,58.38,31800.00,7.20,81.90,279.06,41.74,235.38,64.00,36.80,70.80,19.80,83.30,0.11,0.56
120,Languedoc-Roussillon,FR,Western Europe,86.64,29600.00,9.00,82.10,344.50,42.00,230.87,64.00,37.60,107.40,26.30,85.86,0.33,1.16
121,Midi-Pyrénées,FR,Western Europe,108.01,34300.00,6.20,83.00,316.91,39.52,215.16,60.00,44.30,69.60,21.30,79.89,0.78,0.94
122,Auvergne,FR,Western Europe,42.10,30700.00,7.10,82.00,301.80,43.61,237.94,74.00,33.80,52.60,20.40,75.98,-0.68,0.88
123,Rhône-Alpes,FR,Western Europe,261.24,38400.00,6.60,83.70,329.68,34.41,206.57,46.00,46.80,153.90,18.60,84.83,2.28,0.79
124,Provence-Alpes-Côte d’Azur,FR,Western Europe,213.86,41400.00,6.70,82.80,386.00,35.73,213.28,58.00,41.90,165.90,23.40,86.56,1.74,0.94
125,Corse,FR,Western Europe,10.60,30200.00,6.10,82.90,303.23,43.89,213.05,109.00,32.20,40.70,23.90,82.71,-0.72,1.46
126,Guadeloupe,FR,Western Europe,10.86,26300.00,18.60,80.20,278.84,24.49,192.81,120.00,24.20,246.70,40.00,72.31,-2.65,4.48
127,Martinique ,FR,Western Europe,9.77,27300.00,12.50,80.00,313.92,22.39,196.91,79.00,29.30,326.80,35.20,75.52,-1.44,2.97
128,Guyane,FR,Western Europe,5.26,18100.00,13.10,78.60,235.77,24.97,168.46,115.00,22.00,3.50,49.20,78.18,-2.82,4.27
129,La Réunion ,FR,Western Europe,21.98,25000.00,18.10,80.00,346.81,55.38,190.16,52.00,24.00,356.70,42.80,76.42,-1.42,3.92
130,Mayotte,FR,Western Europe,3.14,10900.00,6.58,74.30,86.01,29.49,239.28,54.00,19.44,835.40,32.34,76.18,-3.03,0.74
131,Panonska Hrvatska,HR,Central and Eastern Europe,12.16,11900.00,10.60,76.30,346.01,229.96,320.11,81.00,17.40,44.10,27.80,75.14,-4.01,-0.49
132,Jadranska Hrvatska,HR,Central and Eastern Europe,21.89,16600.00,6.80,78.60,370.75,197.61,295.36,82.00,25.10,52.90,20.50,75.23,-2.76,-0.69
133,Grad Zagreb,HR,Central and Eastern Europe,22.32,28600.00,5.30,79.00,662.48,135.74,298.26,29.00,44.50,144.02,11.20,82.18,0.33,-1.82
134,Sjeverna Hrvatska,HR,Central and Eastern Europe,11.25,14100.00,4.00,77.00,241.27,183.54,305.45,83.00,20.10,81.60,17.30,82.02,-2.95,-1.68
135,Piemonte,IT,Southern Europe,146.62,34500.00,6.50,82.60,381.82,68.83,225.43,57.00,19.90,169.10,16.50,82.44,0.28,0.62
136,Valle d’Aosta/Vallée d’Aoste,IT,Southern Europe,5.42,44000.00,5.40,82.40,365.13,68.03,220.68,81.00,19.60,38.00,8.60,81.85,-0.22,0.25
137,Liguria,IT,Southern Europe,53.35,35400.00,7.00,82.80,481.56,69.94,223.56,38.00,22.30,278.90,24.30,83.94,0.45,0.98
138,Lombardia,IT,Southern Europe,457.23,45900.00,4.90,83.40,392.86,70.58,230.63,40.00,21.80,432.10,14.80,86.94,2.42,0.01
139,Abruzzo,IT,Southern Europe,36.43,28600.00,9.40,82.60,449.74,90.33,202.99,46.00,21.60,117.90,35.30,81.10,-0.41,2.22
140,Molise,IT,Southern Europe,7.28,25000.00,10.50,82.20,420.39,96.01,204.21,48.00,20.20,65.60,37.20,79.18,-0.99,2.47
141,Campania,IT,Southern Europe,122.24,21800.00,17.10,81.10,399.65,115.23,237.66,41.00,16.90,412.00,46.30,75.23,-1.64,3.22
142,Puglia,IT,Southern Europe,86.09,22000.00,12.10,82.80,397.62,79.56,213.46,58.00,16.20,202.90,35.90,75.53,-1.23,2.83
143,Basilicata,IT,Southern Europe,13.94,25800.00,7.10,82.20,349.67,83.27,195.56,85.00,17.50,53.80,28.30,76.34,-1.52,2.09
144,Calabria,IT,Southern Europe,36.46,19700.00,14.60,81.80,396.64,84.87,203.42,40.00,16.60,121.90,42.80,67.95,-1.97,3.64
145,Sicilia,IT,Southern Europe,102.47,21200.00,16.60,81.50,453.82,78.58,219.96,47.00,15.20,187.70,41.40,75.92,-1.38,3.40
146,Sardegna,IT,Southern Europe,38.83,24500.00,11.50,82.10,493.88,57.31,236.41,63.00,17.90,66.20,36.40,79.01,-1.21,2.37
147,Provincia Autonoma di Bolzano/Bozen,IT,Southern Europe,29.85,56000.00,2.30,83.70,354.53,60.23,204.41,62.00,18.10,72.40,11.70,85.57,0.87,0.14
148,Provincia Autonoma di Trento,IT,Southern Europe,23.78,43900.00,3.80,84.40,339.31,70.28,206.48,61.00,21.40,88.00,12.10,87.15,0.81,0.31
149,Veneto,IT,Southern Europe,184.07,38000.00,4.20,83.50,371.59,68.76,209.84,66.00,19.70,279.50,14.80,85.72,0.87,0.52
150,Friuli-Venezia Giulia,IT,Southern Europe,42.72,35800.00,5.30,83.10,415.67,76.78,226.97,62.00,21.30,157.80,15.50,87.23,0.36,0.30
151,Emilia-Romagna,IT,Southern Europe,180.44,40700.00,5.00,83.40,455.51,63.25,216.76,70.00,22.80,200.60,9.60,86.23,1.19,0.26
152,Toscana,IT,Southern Europe,130.32,35600.00,6.00,83.40,475.02,56.10,220.40,61.00,21.50,160.60,13.80,84.67,0.79,0.61
153,Umbria,IT,Southern Europe,24.70,28800.00,7.10,83.50,470.03,73.22,209.85,57.00,22.50,103.30,11.10,85.26,0.47,0.68
154,Marche,IT,Southern Europe,46.27,31100.00,6.20,83.40,394.42,80.17,211.90,61.00,22.60,158.30,13.60,83.78,0.25,0.66
155,Lazio,IT,Southern Europe,227.67,39800.00,7.70,83.20,501.77,84.86,228.82,59.00,26.70,337.20,26.10,83.39,0.94,1.18
156,Κύπρος (Kypros),CY,Southern Europe,29.42,32200.00,6.30,81.60,373.41,81.27,202.46,41.00,48.00,100.60,19.74,88.06,1.29,0.38
157,Latvija,LV,Northern Europe,36.06,19100.00,6.90,74.50,382.49,347.27,286.70,60.00,39.50,29.70,24.30,85.99,-2.16,-2.00
158,Sostinės regionas,LT,Northern Europe,29.49,35400.00,4.60,76.50,562.44,388.73,252.67,37.00,62.10,88.40,19.20,86.51,0.21,-2.38
159,Vidurio ir vakarų Lietuvos regionas ,LT,Northern Europe,37.96,19000.00,6.60,75.60,394.99,517.15,270.78,46.00,39.70,37.50,26.80,80.58,-2.53,-2.12
160,Luxembourg,LU,Western Europe,77.53,118300.00,4.60,83.00,520.90,52.98,200.65,21.00,52.30,252.60,24.14,91.72,4.59,0.04
161,Budapest,HU,Central and Eastern Europe,62.36,37300.00,2.30,78.10,587.06,313.42,292.54,30.00,55.80,3277.90,13.80,94.01,1.65,-3.00
162,Pest,HU,Central and Eastern Europe,20.04,15200.00,2.20,76.70,265.88,344.65,308.01,50.00,32.30,210.50,16.10,88.16,-1.98,-3.18
163,Közép-Dunántúl,HU,Central and Eastern Europe,17.11,16200.00,1.70,75.80,240.68,335.65,317.71,61.00,22.60,99.10,11.30,85.36,-2.76,-3.46
164,Nyugat-Dunántúl,HU,Central and Eastern Europe,15.70,16000.00,2.40,76.90,279.89,305.77,310.36,66.00,22.80,87.70,14.30,83.21,-2.71,-2.76
165,Dél-Dunántúl,HU,Central and Eastern Europe,10.35,12000.00,4.60,75.80,367.16,340.45,338.45,64.00,22.00,62.50,24.60,83.58,-3.39,-2.58
166,Észak-Magyarország,HU,Central and Eastern Europe,12.40,11300.00,6.20,74.10,226.52,426.86,323.96,57.00,20.00,82.60,25.00,78.76,-4.29,-2.58
167,Észak-Alföld,HU,Central and Eastern Europe,15.98,11300.00,6.20,75.00,330.60,392.47,326.29,40.00,20.80,80.90,24.00,80.38,-3.51,-2.57
168,Dél-Alföld,HU,Central and Eastern Europe,15.16,12600.00,4.00,75.50,350.24,377.62,307.46,95.00,22.80,66.40,19.50,82.24,-3.70,-2.38
169,Malta,MT,Southern Europe,18.24,34300.00,3.50,82.40,409.80,145.97,206.74,54.00,31.80,1696.80,15.44,89.51,1.01,-0.04
170,Groningen,NL,Western Europe,34.70,58500.00,4.70,80.90,565.65,56.44,279.97,42.00,42.40,251.30,22.20,92.60,1.70,-0.95
171,Friesland (NL),NL,Western Europe,27.67,42200.00,3.80,81.60,245.59,49.80,263.24,46.00,34.10,193.30,17.60,91.26,0.73,-0.87
172,Drenthe,NL,Western Europe,19.58,39100.00,2.90,80.80,306.06,54.86,271.08,78.00,36.60,187.20,15.90,92.44,0.28,-1.09
173,Overijssel,NL,Western Europe,56.28,47800.00,3.30,81.40,283.67,49.12,266.18,55.00,40.90,350.40,15.00,91.99,1.22,-1.16
174,Gelderland,NL,Western Europe,99.96,47100.00,3.50,81.60,387.17,49.73,257.66,49.00,42.40,424.40,15.20,93.26,1.82,-1.01
175,Flevoland,NL,Western Europe,18.71,42500.00,3.30,81.70,133.03,54.44,254.98,39.00,35.90,306.40,14.40,94.60,1.08,-1.20
176,Noord-Holland,NL,Western Europe,213.84,73000.00,3.60,81.80,493.68,46.63,254.63,32.00,51.60,1064.70,18.70,93.63,3.66,-0.98
177,Zeeland,NL,Western Europe,17.86,45900.00,2.60,82.00,166.09,47.90,244.37,59.00,32.10,215.70,14.60,95.95,0.98,-0.93
178,Noord-Brabant,NL,Western Europe,148.10,56700.00,3.00,81.80,273.73,46.00,256.66,54.00,43.00,526.00,13.70,93.20,2.10,-1.17
179,Limburg (NL),NL,Western Europe,52.20,46500.00,3.60,81.70,373.62,51.93,255.82,49.00,37.80,520.80,16.20,91.40,1.36,-0.80
180,Burgenland,AT,Western Europe,10.32,34400.00,4.30,81.40,447.54,174.67,226.80,64.00,31.40,79.20,7.30,74.10,-0.56,-0.47
181,Niederösterreich,AT,Western Europe,69.75,40800.00,4.00,81.10,485.67,151.86,236.73,58.00,34.10,90.40,16.20,80.52,0.18,-0.43
182,Wien,AT,Western Europe,110.70,56500.00,9.20,80.30,705.57,152.90,242.71,9.00,45.60,4941.50,26.20,88.04,3.03,0.38
183,Kärnten,AT,Western Europe,25.12,44300.00,4.50,81.40,505.16,133.77,219.47,37.00,33.30,60.50,14.90,77.93,0.48,-0.13
184,Steiermark,AT,Western Europe,57.58,45700.00,3.70,81.50,527.62,135.19,229.86,56.00,32.20,77.50,16.80,78.04,0.26,-0.14
185,Oberösterreich,AT,Western Europe,77.40,51100.00,2.90,81.80,437.98,128.56,218.20,53.00,32.40,129.20,11.90,80.41,0.80,-0.43
186,Salzburg,AT,Western Europe,33.80,59700.00,3.00,82.30,597.73,108.80,206.28,34.00,33.20,80.10,11.20,82.30,1.73,-0.31
187,Tirol,AT,Western Europe,39.35,51200.00,3.20,82.50,584.73,139.70,206.95,38.00,31.90,61.40,19.20,83.12,1.22,0.07
188,Vorarlberg,AT,Western Europe,23.83,58900.00,3.20,82.20,443.28,131.57,208.84,40.00,29.90,159.60,21.60,83.61,0.99,0.09
189,Małopolskie,PL,Central and Eastern Europe,53.02,15600.00,2.40,78.50,361.94,168.35,271.66,30.00,36.20,220.90,15.00,83.27,-0.58,-1.78
190,Śląskie,PL,Central and Eastern Europe,79.87,18300.00,2.20,76.60,373.28,215.55,278.99,35.00,33.00,350.50,10.50,81.77,-1.00,-2.41
191,Wielkopolskie,PL,Central and Eastern Europe,64.70,18300.00,2.00,77.30,296.22,125.73,287.79,62.00,28.90,116.90,16.40,81.77,-1.61,-1.68
192,Zachodniopomorskie,PL,Central and Eastern Europe,23.57,14400.00,2.30,76.70,330.25,118.03,276.72,45.00,33.00,72.90,16.50,82.02,-1.38,-1.64
193,Lubuskie,PL,Central and Eastern Europe,14.10,14300.00,5.10,76.50,244.47,170.05,265.23,64.00,28.80,69.20,16.70,82.02,-2.10,-1.18
194,Dolnośląskie,PL,Central and Eastern Europe,55.24,18900.00,3.50,76.70,379.83,263.15,283.62,48.00,36.10,142.50,12.10,78.90,-1.57,-2.28
195,Opolskie,PL,Central and Eastern Europe,13.10,14200.00,2.70,77.50,259.95,236.34,264.12,69.00,28.00,96.60,13.80,82.02,-2.12,-1.71
196,Kujawsko-pomorskie,PL,Central and Eastern Europe,28.83,14500.00,3.90,76.80,308.83,211.41,286.87,51.00,28.20,110.90,19.90,82.02,-2.06,-1.68
197,Warmińsko-mazurskie,PL,Central and Eastern Europe,16.57,12500.00,3.40,76.40,268.43,114.41,274.44,61.00,28.00,57.00,23.80,77.16,-2.48,-0.81
198,Pomorskie,PL,Central and Eastern Europe,40.86,17300.00,1.90,77.40,356.16,326.40,281.19,43.00,38.60,129.80,16.20,80.39,-1.58,-2.51
199,Łódzkie,PL,Central and Eastern Europe,39.87,16500.00,3.50,76.10,415.31,126.32,262.73,68.00,30.40,129.80,17.40,82.56,-1.58,-1.12
200,Świętokrzyskie,PL,Central and Eastern Europe,14.76,12800.00,3.80,77.00,319.53,152.56,261.58,56.00,30.90,97.80,16.60,79.93,-1.80,-1.14
201,Lubelskie,PL,Central and Eastern Europe,24.39,12300.00,4.80,77.30,389.82,361.09,241.56,59.00,29.80,78.50,25.30,77.16,-2.56,-0.87
202,Podkarpackie,PL,Central and Eastern Europe,24.73,12400.00,4.70,78.50,291.07,159.73,227.12,43.00,30.60,111.00,19.00,77.16,-1.45,-0.26
203,Podlaskie,PL,Central and Eastern Europe,14.97,13600.00,2.50,77.90,411.83,281.94,248.93,61.00,34.70,54.30,25.60,79.73,-1.95,-1.01
204,Warszawski stołeczny,PL,Central and Eastern Europe,115.82,33900.00,2.00,78.80,581.71,109.97,255.30,32.00,57.70,542.70,7.70,79.73,1.46,-1.76
205,Mazowiecki regionalny,PL,Central and Eastern Europe,37.30,16500.00,3.70,76.30,214.35,139.28,267.26,83.00,29.70,75.80,18.00,82.56,-2.20,-1.15
206,Norte,PT,Southern Europe,72.46,20000.00,6.00,82.50,585.45,41.98,218.50,48.00,25.80,171.70,23.90,75.13,-0.20,1.41
207,Algarve,PT,Southern Europe,11.98,25300.00,6.00,80.80,429.56,72.10,236.71,97.00,25.30,96.10,25.70,82.23,-1.31,0.95
208,Região Autónoma dos Açores,PT,Southern Europe,4.86,20300.00,6.10,78.00,397.12,85.38,320.44,59.00,16.60,103.90,30.30,81.50,-2.43,-0.56
209,Região Autónoma da Madeira,PT,Southern Europe,6.27,24700.00,6.80,79.30,520.58,70.56,263.19,52.00,22.20,317.10,30.20,81.26,-1.20,0.55
210,Nord-Vest,RO,Central and Eastern Europe,34.15,13500.00,3.10,75.30,367.64,472.35,255.78,73.00,18.20,74.30,27.40,81.68,-3.58,-1.77
211,Centru,RO,Central and Eastern Europe,30.42,13400.00,5.40,75.50,358.88,385.72,248.32,63.00,18.90,67.00,31.70,80.60,-3.32,-0.84
212,Nord-Est,RO,Central and Eastern Europe,28.40,8800.00,6.60,74.60,286.25,270.81,252.35,94.00,14.00,88.30,38.20,70.87,-4.80,0.49
213,Sud-Est,RO,Central and Eastern Europe,27.36,11600.00,7.30,74.40,238.99,265.44,265.35,100.00,14.00,70.00,46.90,73.73,-5.04,0.74
214,Sud-Muntenia,RO,Central and Eastern Europe,32.48,11400.00,7.90,74.60,167.10,302.26,231.42,96.00,13.70,84.10,37.10,72.11,-4.79,0.70
215,Bucureşti-Ilfov,RO,Central and Eastern Europe,81.89,35900.00,2.70,76.60,765.40,296.23,271.45,42.00,42.20,1299.40,19.20,87.51,0.37,-2.12
216,Sud-Vest Oltenia,RO,Central and Eastern Europe,22.01,11800.00,8.80,75.50,338.81,261.13,203.74,123.00,17.60,65.10,44.70,74.70,-4.42,2.03
217,Vest,RO,Central and Eastern Europe,24.85,14900.00,3.70,75.00,517.04,312.11,257.62,99.00,18.30,52.40,29.50,77.06,-3.70,-0.64
218,Vzhodna Slovenija,SI,Central and Eastern Europe,24.22,21900.00,4.20,80.60,291.00,91.97,282.27,45.00,35.70,89.70,14.50,83.31,-0.46,-1.20
219,Zahodna Slovenija,SI,Central and Eastern Europe,32.69,32500.00,3.80,82.20,387.98,74.24,281.20,35.00,45.10,128.80,12.10,88.24,1.11,-1.45
220,Bratislavský kraj,SK,Central and Eastern Europe,31.21,42500.00,2.30,79.10,661.95,321.48,271.25,41.00,47.00,359.20,10.90,88.20,0.75,-2.68
221,Západné Slovensko,SK,Central and Eastern Europe,32.71,18000.00,4.10,77.10,281.26,391.06,289.06,55.00,24.80,121.90,12.60,82.34,-2.45,-2.69
222,Stredné Slovensko,SK,Central and Eastern Europe,22.52,17200.00,6.60,76.70,349.49,441.53,276.00,50.00,26.60,80.80,17.00,80.86,-2.61,-2.15
223,Východné Slovensko,SK,Central and Eastern Europe,23.65,14900.00,10.20,76.40,363.15,359.31,276.30,45.00,28.20,101.40,23.10,82.58,-2.41,-1.19
224,Länsi-Suomi,FI,Northern Europe,59.06,42700.00,6.30,81.20,349.00,137.43,208.22,47.00,40.70,23.70,18.02,90.09,1.16,-0.07
225,Helsinki-Uusimaa,FI,Northern Europe,104.09,60400.00,6.70,81.70,583.41,118.33,210.67,20.00,50.50,189.50,13.70,95.33,3.39,-0.57
226,Etelä-Suomi,FI,Northern Europe,48.51,42400.00,7.60,81.20,353.18,137.59,211.03,38.00,37.30,36.40,17.40,90.75,1.16,-0.02
227,Pohjois- ja Itä-Suomi,FI,Northern Europe,52.90,41500.00,6.70,80.60,341.16,166.18,204.64,42.00,38.20,6.20,17.30,89.34,0.90,-0.16
228,Åland,FI,Northern Europe,1.48,48900.00,4.04,83.10,392.23,117.23,230.61,0.00,36.10,19.50,16.92,91.33,2.00,-0.80
229,Stockholm,SE,Northern Europe,171.87,70500.00,7.00,84.00,520.90,63.67,195.74,7.00,57.40,372.10,15.30,96.23,4.83,-0.02
230,Östra Mellansverige,SE,Northern Europe,79.68,45200.00,9.50,82.90,379.31,93.14,215.26,25.00,45.40,45.70,20.50,93.91,2.29,0.39
231,Småland med öarna,SE,Northern Europe,39.81,45000.00,6.20,83.50,373.76,107.24,202.26,38.00,40.30,26.60,19.10,96.64,2.15,0.16
232,Sydsverige,SE,Northern Europe,70.17,44600.00,9.30,82.70,408.41,83.76,217.26,24.00,49.20,112.80,22.90,96.71,2.55,0.36
233,Västsverige,SE,Northern Europe,105.95,50400.00,6.40,83.20,392.23,89.95,210.86,23.00,48.80,71.60,17.20,94.75,2.93,-0.16
234,Norra Mellansverige,SE,Northern Europe,36.95,42800.00,7.70,82.70,349.00,93.54,208.30,26.00,38.30,13.50,19.90,91.30,1.66,0.37
235,Mellersta Norrland,SE,Northern Europe,17.94,47500.00,6.60,82.20,295.63,106.74,216.16,21.00,42.90,5.30,18.90,84.04,1.26,0.05
236,Övre Norrland,SE,Northern Europe,29.30,55600.00,5.20,82.30,377.53,111.36,204.15,36.00,43.80,3.50,16.50,90.90,2.02,-0.20
